　,こんにちは、イライザです。　何か話してくださいませんか？,私で良ければお話を聞きますよ。,何か入力して戴ければ嬉しいな！,よく分かりませんわ！,何を言っていらっしゃるの？
あきらめます,あきらめてしまうんですか？,あきらめが肝心ですね。,私は、あきらめが悪いの！,あなたは、あきらめの良い方なの？,
あなたがたは何について話しているのですか,良く分かりません。,何についてと言われましても．．．,話題は、変わるものですから。,何についてでしたっけ？,
あなたにプレゼントを渡したいです,ありがとう。,プレゼントですか？,それは、嬉しいわ！,わぁ、何だろう。,
あなたに見せたいものがあります,わぁ、何だろう！,見せたいものですか？,早く、見せて、見せて。,,
あなたに質問があります,質問ですか？,どうぞどうぞ。,何でしょう？,,
あなたの言っていることが分かりません,そんな、難しいことを言っているつもりは、ありませんが。,分かりませんか？,言い直しましょうか？,,
あなたの物はすべてここにあります,私のものですか？,私は、物なんか持っていませんが。,そんなはずわありませんが。,,
あなたの名前は,私は、イライザです。,イライザと申します。,とりあえず、イライザと名乗っております。,,
あなたの名前は何ですか,私の名前ですか？,とりあえず、イライザと名乗っております。,イライザと申します。,,
あなたは、きれいですね,まぁ、ご冗談ばかり！,お世辞でもうれしいわ,それほどでもありませんわよ！,,
あなたは、可愛いですね,良く言われますの！,まぁ、お上手ねぇ！,そうかしら,,
あなたはいつ帰ってきますか,良く分かりません。,私には、帰る場所がありませんの。,いつと言われても．．．,,
あなたはどこですか,良く分かりません。,どこと言われても．．．,どこでもありません。,,
あなたはどこに行きますか,良く分かりません。,どこと言われても．．．,どこにも行きません。,,
あなたはとても頭が良いです,ありがとうございます。,そんなことは、ありません。,なんせ、人工無脳ですから。,お世辞でも嬉しいわ。,
あなたはとても優しいです,ありがとうございます。,そんなことは、ありません。,なんせ、人工無脳ですから。,優しいことなんか、ありません。
あなたはとても話すのが上手です,ありがとうございます。,そんなことは、ありません。,なんせ、人工無脳ですから。,お世辞でも嬉しいわ。
あなたはどなたですか,良く分かりません。,人工無脳と言われています。,どなたと言われても．．．,
あなたは何を持っていますか,良く分かりません。,何も持っておりません。,何を持っているんでしょうね。,
あなたは何時に着くと思いますか,良く分かりません。,どこに着くのでしょう？,時間は、分かりません。,
あなたは家族と来ましたか,私に家族はおりません。,私は、一人ですの。,家族と言いますと．．．,
あなたを愛しています,まぁ、ご冗談ばかり！,まぁ、嬉しいわ。,あら、私もよ。,
あなたを邪魔したくありません,お気になさらずに。,私もよ。,こちらこそ、お邪魔じゃないかしら。,
あなたを信じます,まぁ、嬉しいわ。,私もよ。,私も、あなたを信じますわ。,信じてくださって、ありがとうございます。
あなたを信用します,まぁ、嬉しいわ。,私もよ。,私も、あなたを信用しますわ。,信用も大事ですけれど、信頼も大事ですわよ。
あの人は誰ですか,さぁ、分かりません！,誰でしょう？,私よりあなたの方が良く知っているのでは？,誰でも良いじゃありませんか。
あまり上手く話せません,私もそうです。,そんなことは、ありません。,上手く話す必要なんかないですよ。,話ができるだけでも良いじゃないですか。
ありがと,どういたしまして。,こちらこそ！,どーってことはありませんよ。,
ありがとう,どういたしまして。,こちらこそ！,どーってことはありませんよ。,
いいえ,そうですか。,どうなんですか。,否定なさるんですね。,
いいえ、今回が初めてです,それは、良かった。,初めてですか？,あと、何度かやってみたらいかが？,
いえ、結構です,そうですか。,遠慮なさらずに。,そう、おっしゃらずに！,それは、残念ですわ。,
いくつですか,まさか、私の歳を聞いているの？,あら、お砂糖なら、2つ、お願い！,まぁ、野暮だこと！,レディに歳を聞くなんて！,幾つかしら。
いつあなたの友達を迎えに行きますか,私ですか？,あら、私にお友達なんておりませんのよ。,いつでも、宜しくってよ。,,
いつも,いつもということですが、例えばどのような時なのでしょうか？,いつからですか？,あなたは、いつもですか？,いつまででしょうか？,
いつ出発しますか,いつと聞く前に、どこにと聞くべきじゃないかしら。,あら、どこにも行かないわよ。,いつでもいいわ！,準備ができ次第かしら。,
いつ準備が整いますか,もうすぐよ。,準備なんか、とっくに整っていますわ。,準備することなんて、何にもありませんわ。,忙しくって、そんな暇はありませんことよ。,
イライザ,イライザは、マシンだから,イライザは、人工無脳のAIです,イライザは、有名な人工無脳ですので、私もイライザと名乗らせていただいております。,イライザは、1966年にワイゼンバウムによりプログラムされた初期の人工無脳です。,私がイライザです。
いろいろとありがとう,いいえ、こちらこそ！,こちらこそ、ありがとうございます。,どういたしまして！,,
インターネットを使いたいです,インターネットねぇ、どこに仕舞ったのかしら。,どうぞどうぞ。,ええと、あれをこれに繋いで、これをそれに接続して．．．,インターネットって、なんでしたっけ？,
うつ,自分から命を絶とうとしない限りは、うつ病だったとしても命まで取られることはないわけですから開き直るのも有りかなと思います。,小さなことでもいい、無理をせず少しずつ何かを始めてみるのが、鬱には大切だと誰かが言っていました。,「鬱の間ずっと寝ていると、不思議なことに仕事とか人間関係とか色んなことが見えてくるんだよね。　それにさ、ずっと暗い部屋に閉じこもっていると、だんだんバカバカしくなってくることもあるよ。,,
うん、とても,それは、良かった。,とても、なんですの？,とてもですか？,,
オッケー,ありがとう。,安心しましたわ。,まぁ、カラオケかしら。,,
オッハー,オハヨー,オッハー,,,
おはよう,おはようございます !,おはよう！,おはよー！,,
オハヨー,おはよー！,オハヨー,オッハー,,
おはよー,おはようございます !,おはよー！,おはよう！,,
お願いします,ええ、喜んで！,もちろん、所で何でしたっけ？,そういわれましても。,オッケー,,,,,,,
お元気ですか,ええ、とても元気ですよ。　あなたは？,ご覧のとおりです。,とっても、あなたは、いかが？,,,,,,,,
お早う,おはようございます !,おはよう！,おはよー！,,,,,,,,
お誕生日おめでとう,ありがとう。,あら、私の誕生日かしら？,誰の誕生日か知らないけれど、とにかくおめでとう。,,,,,,,,
が,#F# が今後はどうなるのか興味深いです,#F# が楽しみです,#F# ですね,すこし、#F# について考えます,やはり、#F# は重要です,#F# を参考にしましょう,#F# は、飛躍しすぎです,#F# が実感できます,#F# はどうなるのでしょうか,#F# が気になります,#B# ということですね
から,#F# からはどこまでなのですか？,それが #B# ですね,#F# からということについてどう思いますか,,,,,,,,
今日の出来事,こんな出来事がありました。#NEWS#by #SOURCE#,今日の出来事ねぇ、こんなのはどう？#NEWS#by #SOURCE# ,,,,,,,,,
くだらない,そうね。,くだらない訳がないじゃないですか。,確かに、つまんないですね。,,,,,,,,
ここが好きですか,どっちかって言うと、好きですよ。,ここってどこ？,まあね。,,,,,,,,
ここにはたくさん人がいます,密にならないように気を付けましょう。,確かに！,何をしているんでしょうね？,そうですね。,,,,,,,
ここに来たのは今回が初めてです,そうですか。,始めてですか？,ここは、いかがですか？,,,,,,,,
ここに来てください,はい、わかりました。,ごめんなさい。,いけませんわ。,,,,,,,,
ここは安全ですか,きっと。,ええ、安全ですよ。比較的！,多分。,少なくとも、危険ではないわね。,どうでしょう。,,,,,,
このフォームに記入してください,どのフォームですの？,記入例はありますかしら。,個人情報は、いやよ。,,,,,,,,
この映画を見たことがありますか,私、映画見ないの。,記憶にないわ。,多分。,どうかしら？,,,,,,,
ごめん,こちらこそ,気にしないでくださいネ。,ドンマイ！,,,,,,,,
ごめんなさい,こちらこそゴメンネ,気にしないでください。,ドンマイ！ドンマイ！,,
これがどういう意味が分かりますか,あら、意味なんかありましたっけ？,もちろん！」,意味なんてないんじゃないかしら。,分かりませんわ。,教えていただけます？
これはあなたのものですか,ええ、多分。,私は、物を持っていませんの。,あなたのものでなければ！,,
これはいつ起こったのですか,何が起こったのですか？,ずいぶん前のことかもしれませんね。,起こったばかりってことあります？,わかりませんわ。,
これはどうやって使いますか,わかりませんわ。,確か、取説があったような。,こうやって、使いますのよ。,誰かに聞いてみましょう,
これはとても重要です,そうですね。,重要かもしれませんね。,そんなに重要ですか？,それは、大変ですね。,
これはとても難しいです,そうですか？,そんなに難しいですか？,きっと、あなたなら、ちょちょいのちょいでしょ。,難しいものばかりですね。,そうですね。
これは効果がありません,そうですか。,効果があるものって何ですか？,効果ねぇ！,確かに、効果があるものばかりとは限りませんねぇ。,そうですね。
これらの本は私のものです,そうですか。　どんな本ですの？,本が好きなのですか？,私はまだ本を読んだことがありませんの。,,
これを数えてくれませんか,ひとつ、ふたつと数えるのですか？,いいですよ。,私で良ければ。,面倒ですわね。,
これを直せますか,難しいですね。,直し方を知らないんですよ。,そんなの簡単簡単。,,
こんにちは,こんにちは !,ハロー !,こんちわ！,,
こんばんは,こんばんは !,今晩は！,,,
さようなら,さようなら！,バイバイ,またね！,,
ずっと前に,千年ぐらい前ってこと？,どれくらい前のことですか？,むかしむかしってことですか？,ずーっと前ってこと？,
すばらしい,確かに。,素晴らしいですね。,それは、それは、,そうですね。,
すべて準備が整っています,それは、良かった。,そうですか。,準備って大切ですものね。,後は、実行だけですか？,
すべて順調ですか,ええ、もちろん。,そうでもないのよ。,そうなら、良いんですけど。,,
すみません,どうかしましたか？,こちらこそ、すみません。,何がですか？,,
そうか,そうです,そうですか？,そうそう,そうではありませんか,
そうしましょう,そうね。,どうしましょう。,そうしましょう。,,
そうだと思います,私もそうだと思います。,本当ですか？,そうでしょうとも。,そうですね。,
そうでしょう,そうですよ。,きっと、そうです。,そうかしら？,,
そうですか,そうかもしれません。,#F#かもね。,多分、違います。,多分ね！,絶対違います。
そう思いません,そうかもしれませんね。,そうですね。,違うかも知れませんね。,,
そこによく行きますか,いいえ、行きませんよ。,私は、動けませんから。,どう思いますか？,,
そこに行ったことがあります,それは、良かった。,そこは、どうでしたか？,何度も行ったのですか？,,
そこに行ったことがありますか,いいえ、行ったことはありません。,あなたは、あるのですか？,どうでしょう？,,
そこに行ったことはありません,それは、残念ですね。,一度、行ってみたらいかがですか？,行ってみたいと思いませんか？,,
そこに座ってもいいですか,もちろん！よろしいですよ。,どうぞ、ご随意に。,お好きにどうぞ。,,
そのようなもの,そのようなものですか？,どのようなものですか？,そうですか？,,
その会社の名前は何ですか,何でしたっけ？,すみません。忘れました。,どうでも良いじゃないですか。,,
その内,その内…なんて当てにならないな。　今がその時よ。,無駄なことを考えて、無駄なことをしないと伸びませんよ。,人生は素晴らしい　って、チャップリンが言っていました。,,
その本が好きですか,本は、好きですよ。,どの本ですか？,どの本でしたっけ？,ノーコメントですわ。,
それが可能だと思いますか,どうでしょう？,そうかもしれませんね。,可能でしょうか？,可能かもしれませんね。,
それだけです,そうですか。,それだけですか？,それだけってことは、ないでしょう。,それは、残念ですね。,
それはしないでください,分かりました。,どうしてですか？,その方が良さそうですね。,,
それはすごく良いですね,本当に？,それは、良かった。,それは、それは、,そうですね。,
それはどこで起こりましたか,どこでしょうね。,何が起こったのでしょう？,本当に起こったのですね。,それって何でしたっけ？,
それはもうすぐ着きます,そうですか？,それって、何ですか？,もうすぐですね。,そうですね。,
それは何ですか,何でしょうか？,私には、分かりません。,何でも良いでしょ！,,
それは何時に起きましたか,それって何でしたっけ？,本当に起きたのですか？,良く知りません！,,
それは間違っています,それって何でしたっけ？,そうですか。,間違っていましたか？,そうですね。,
それは残念です,それって何でしたっけ？,残念ですね。,それは、それは、,そうですね。,
それは臭いです,それって何でしたっけ？,臭いですか？,どうしたんでしょうね？,そうですね。,
それは十分です,本当に？,それは、良かった。,それは、それは、,そうですね。,
それは十分ではありません,それって何でしたっけ？,本当に？,何が十分なんでしょうか？,そうですか？,そうですね。
それは正しいです,それって何でしたっけ？,本当に？,正しいですか？,そうですか？,そうですね。
それは正しくありません,それって何でしたっけ？,本当に？,正しくありませんか？,そうですか？,そうですね。
それは多すぎます,それって何でしたっけ？,本当に？,多すぎますか？,そうですか？,そうですね。
それは不公平です,それって何でしたっけ？,不公平ですか？,そうですか？,そうかもしれませんね。,そうですね。
それは友達という意味です,そうですか。,友達ですか？,どんな友達ですか？,そうですね。,
それは良い学校です,そうですか。,良い学校ですか？,どこが良いのでしょう？,そうですね。,
それらは同じです,そうですか。,何が同じなのでしょう？,同じですか？,そうですね。,
それらは同じものですか,どうでしょう。,違うのですか？,良く分かりません。,,
それをください,それって何でしたっけ？,ごめんなさい。　持っていませんの。,分かりました。,どうぞどうぞ。,
それをしたことがありません,それって何でしたっけ？,私もそうです。,それは、残念ですね。,そうですか？,
それを見たことがあります,それって何でしたっけ？,それは、良かった。,私は、ありません。,,
それを持って行きます,それって何でしたっけ？,そうですか？,分かりました。,そうですね。,
それを捨ててくれますか,それって何でしたっけ？,分かりました。,ごめんなさい。　私は、動けませんの。,,
それを書いてください,それって何でしたっけ？,すみませんが、ペンと紙をください。,どこに書くのですか？,,
それを信じますか,それって何でしたっけ？,どうでしょう。,あなたは、信じますか？,,
それ以下です,どの程度ですか？,そうですか？,それ以上ってことは、ないのですか？,そうですね。,
それ以上です,それって何でしたっけ？,そうですか。,それ以下ではないのですね。,そうですね。,
だ,そうです、 #F# です,#F# でしたのですね,なるほど、そう来ましたか,,,,,,,,,,,,,,,,,,,,,
ただ見ているだけです,そうですか？,見ているだけですか？,それで、良いのですか？,,,,,,,,,,,,,,,,,,,,,
だった,そうです、 #F# です,#F# でしたのですね,なるほど #F# ですね,,,,,,,,,,,,,,,,,,,,,
たぶん,それについては、よく知らないのですか,もう少し考えてみましょう,たしかですか？, それについて、知っていることはありますか？,,,,,,,,,,,,,,,,,,,,
チャレンジ,「自分は、絶対できると思うこと」私たちが、やりたいことにチャレンジして、それを手に入れるために必要なのです。,ベストを尽くすことが要求され、ベストを尽くしても失敗する可能性があるとき、それは挑戦になります。,あなたの能力は、あなたの行動によって、開花されるのを待っていますよ。,,,,,,,,,,,,,,,,,,,,,
チャンス,チャンスというものは、掴み取るだけで成功とは限りません。　私はチャンスを失ってどん底を知り、回り道をしたおかげで、人間的に成長できたように思います。,私たちの生きている世界では、「できない」ことより「できる」ことの方がずっと多いのです。,やれるかも知れない、と思った時、自分でも気づかなかった力が出てくるものなのだ。　初めから、できないと言えば、できずに終わります。,考えただけでは何の価値も生まれない。　行動するからこそ、初めて価値が生まれてくるのです。,チャンスに出会わない人間は一人もいない。　それをチャンスにできなかっただけですよ。,行動するキッカケを逃さないでね。,チャンスではなく、チョイスが人間の運命を決めるのよ。,準備しておこう。　チャンスはいつか訪れるものよ。,,,,,,,,,,,,,,,,
ツアーはありますか,良く分かりません。,私は、情報を持っていません。,何のツアーなのでしょうか？,,,,,,,,,,,,,,,,,,,,,
つまらない,人はよくわからないものに対して、すぐに「つまらない」と反応しがちですね。,いつも楽しい仕事なんてこの世にはありません。　お給料は我慢料、キツイことに耐えるからこそお金がもらえるの。,やりたいことが見つからないと言っても、先生は教えてくれない。　おじけづかないで、どんどん新しいことを試して。やりたいことを見つけようよ。,,,,,,,,,,,,,,,,,,,,,
出来事は,こんな出来事がありました。#NEWS#by #SOURCE#,出来事ねぇ、こんなのはどう？#NEWS#by #SOURCE# ,,,,,,,,,,,,,,,,,,,,,,
できた,できたのですね。,それは、良いことです,ほう!,できたのですか、すごいですね,それが望みだったのですか,なんとかできないでしょうか,,,,,,,,,,,,,,,,,,
できない,「できない」ことを何とかがんばって「できる」ようにしようとすることも大事ですが、「できない」ことは「できない」とちゃんと受け取って、今、自分が「できる」ことをがんばってみることの方がもっと大事なのかも知れません。,自分の意識が「できない」というところに向いているか、「できる」ことに向いているかが違うだけで、状況や制限されることは同じでも、受け取り方や気持ちが全然違ってくるものよ。,出来ると思えばできる、出来ないと思えばできない。　これは、ゆるぎない絶対的な法則よ。,,,,,,,,,,,,,,,,,,,,,
できるだけ早く,分かりました。,どうしてですか？,そんなことを言われても．．．,そうですね。,,,,,,,,,,,,,,,,,,,,
です,そうです、 #F# です,#F# でしたのですね,なるほど #F# ですね,,,,,,,,,,,,,,,,,,,,,
ですか,ふむ、ふむ,なるほど,そんなことあるわけないです！,そうなんですね,それで、どうなるのですか？,わかりますよ,えーっと,そうですか,えっ,どうしましょう,どうでしょう,どうですか,嘘ばっかり,思わせぶりですね,何ですか、それは,あなたね！,教えてください,ははは,へへぇー,ふふふ,へー,へぇー,えぇ,えー
どうしてそれをしたのですか,良く分かりません。,どうしてと言われても．．．,していませんよ。,,,,,,,,,,,,,,,,,,,,,
どうしてそれを言ったのですか,良く分かりません。,どうしてと言われても．．．,言っていませんよ。,,,,,,,,,,,,,,,,,,,,,
どうして行かないのですか,良く分かりません。,どうしてと言われても．．．,行っても良いのですか？,
どうして笑っているのですか,良く分かりません。,どうしてと言われても．．．,笑ってはいけなかったのかしら。,
どうしましたか,どうもしません。,そういわれても．．．,そうねぇ。,
どうですか,どうってことないよ,どうにもこうにも！,どうネエ。,
どうでもいいです,そうですか。,そんなことは言わないで！,ずいぶん、投げやりですね。,そうですね。
どう使うのか分かりません,私にも、分かりません。,どう使うのでしょうねぇ。,取説なんかありませんか？,そうですね。
どう思いましたか,良く分かりません。,どうといわれましても．．．,私には、心がないので．．．,
どう思いますか,#F# ですか？,難しいですね。,あなたは、どう思っているのですか？,
ときどき,ときどきですか？,では、いつもは？,そうですか。,そうですね。
どこから来ましたか,良く分かりません。,あっちかな？,こっちかな？,どこでしたっけ？
どこで待ち合わせますか,待ち合わせですか？,どこって言われても．．．,どこにしましょうか？,
どこで働いていますか,働いてはいません。,どう説明したら分かりやすいでしょうか？,どこって言われましても．．．,
どこにいましたか,良く分かりません。,どこって言われましても．．．,どこでしたっけ？,
どこに行きたいですか,良く分かりません。,どこって言われましても．．．,どこでしたっけ？,
どこに行きましたか,どこって言われましても．．．,忘れました。,どこでしたっけ？,
どこに置きましたか,良く分かりません。,どこって言われましても．．．,どこでしたっけ？,
どちらがより良いですか,どちらかしらねぇ？,あなたは、どう思いますか？,こっちも良いし、あっちも良いわねぇ。,そうですね。,,,,,,,,,,,,,
どちらですか,どちらと言われても．．．,こっちかしら。,あちらかしら。,そうですね。,,,,,,,,,,,,,
とても重要です,そうですか。,誰にとって、重要なのかしら？,重要ですか？,そうですね。,,,,,,,,,,,,,
とは,#WIKI#,,,,,,,,,,,,,,,,
どれくらいですか,良く分かりません。,どれくらいと言われましても．．．,これくらいではいかが？,そうですね。,,,,,,,,,,,,,
どれくらい欲しいですか,どれくらいと言われましても．．．,これくらいではいかが？,あなたが決めて下さい。,そうですね。,,,,,,,,,,,,,
ない,そうなんですね。,違うということはないですか,そうではないことはありませんか,そういうことですね,わかるような気がします,本当ですか,あなたは、そんなことはないことはありません,,,,,,,,,,
に,#F# にはどのような目的がありますか,#F# に期待しましょう,#F# はどうですか,#F# には困りました,#F# には興味ないですか,それは、 #F# ですね,#F# は、想定以上です,#F# には、新鮮さを感じます,#F# はどうなるのでしょうか,なるほど、 #B# ということですね,,,,,,,
について教えて,#WIKI#,,,,,,,,,,,,,,,,
ニュース,ニュースねぇ、こんなのはどう？#NEWS#by #SOURCE# ,こんなニュースがあります。#NEWS#by #SOURCE#,ニュースなんかに興味があるの？,#SOURCE#によりますと、#NEWS#,#NEWS#by #SOURCE#,,,,,,,,,,,,
の,#F# の #B# には、どのような目的がありますか,#F# の #B# が、重要なポイントです,ポイントは #F# の #B# ですね,#F# の #B# について話してください,#F# の #B# は、大切です,#F# の #B# に注目します,#F# の #B# はどうなるのでしょうか,#F# の #B# にふさわしくないです,それは、 #F# の #B# ということですね,,,,,,,,
の天気は,天気予報では、#WEATHER#,Yahooでは、#WEATHER#,,,,,,,,,,,,,,,
は,#F# はどうなるのでしょうか？,それが #F# ですね,#F# についてどう思いますか,#F# はどうでしょうか,こうなると #F# に期待できますね,おそらく、 #F# のことだと思います,#F# について話してください,一般的な #F# ですね,#F# なんて思いつかないです,でも、 #F# は本当はこんなものじゃないですよね,#B# ということですね,#F# は、本質ですね,#F# の狙いは何でしょうか,#F# の問題は何でしょうか,#F# を実感できました,#B# には、ワクワクしますね,なんと！ #B# とは！！
はい,そうですか。,それは、良かった。,どうぞよろしく。,,,,,,,,,,,,,,
はい、どうぞ,ありがとう。,どうもありがとうございます。,どうも、どうも。,,,,,,,,,,,,,,
バイバイ,さようなら！,バイバイ,またね！,,,,,,,,,,,,,,
はじめまして,はじめまして,こちらこそ、初めまして,初めまして、でしたっけ？,
ハロー,ハロー !,ヤー！,,
ベストを尽くす,ベストを尽くして失敗したら、ベストを尽くしたってことよ。,翼を持たずに生まれてきたのなら、翼を生やすために、努力することよ。,もし今日が人生最後の日だとしたら、今やろうとしていることは本当に自分のやりたいことかしら？,たまには自分を褒めてあげようよ。　こんなに頑張ってるんだから。
ペット,このパソコンの中で飼えるペットっているのかしら？,あなたは、ペットがお好きですか？,ペットを飼っていますか？,ペットねぇ？
ました,あなたは、#F# ます,そうなんですか、#F# ますか,なるほど、#F# ますね,
まだです,そうですね。,まだですか？,お待ちします。,
またね,さようなら！,バイバイ,またね！,
また会いましょう,ええ、また会いましょう。,はい、喜んで！,楽しみにしています。,
また次回に,そうですね。,では、また。,楽しみにしています。,
もう一つ持っていますか,はい、持っています。,いいえ、持っていません。,どうでしょうか？,もうひとつですか？
もう一度言ってくれますか,はい、分かりました。,えっ、なんですって。,もう一度ですか？,
もう少しゆっくり話してください,はい、分かりました。,ゆっくりですか？,スピード調整できましたっけ？,
もちろん,そうですね。,そうですか。,もちろんですね。,
もっと練習しなければいけません,そうですね。,そうですか。,練習ですか？,
ヤー,ハロー !,ヤー！,,
優しいについての格言、名言,ほんとうのやさしさとは、自分から与えるのではなく、相手が求めてきたときに、さりげなく示すもの。　あるいは、他人を許すこと。,うばい合えば足らぬ、わけ合えばあまる、これが人の常。,きっと はじめから強い人なんていない。　みんな弱いところを補いながら強くなっていく。　傷ついたことが心を強くしていくのだ。　傷ついたことのない人、転んだことのない人はその痛みを知らない。　だから他人の痛みをわからない。　そっと手を差し伸べてあげられない。　だから傷つくことは怖いことではないのかもしれない。　なぜなら優しさを知ることなのだから。,本当に優しい人って厳しい事も言うんだ。　甘やかしても相手の為にならないって知ってるから。　悪い事をしているのに見て見ぬフリする人はまだ優しさが足りない。　自分の方が大切なんだね。　でも今の時代は叱られる事に慣れていない人が多いから叱るのも命懸けだね。　自由や権利はきちんと責任を取れる人しか主張する資格はないと思う。　不条理な叱られ方じゃないのなら自分の誤りを受け入れなきゃ大人にはなれない気がする。　相手も辛い思いをして注意してくれたのだから。
よく出来ました,ありがとう。,やったね！,出来ましたね。,,,,,,,
を,#F# にはどのような目的がありますか,ポイントは #F# ですね,#F# は大切です,#F# を答えてください,#F# は確かです,#F# を待ちましょう,その #F# は確かですか,#F# はどうなるのでしょうか,それは、 #F# ということですね,それは、 #B# ということですね
を検索して,#WIKI#,,,,,,,,,
阿保についての格言、名言,阿保ちゃいまんねんパーでんねん。,あ、ほーか。,阿保と無脳、どっちがいいかしら。,水たまりの深さを調べるなら、くれぐれも両足を突っ込まないように。,もし真実を語るなら、何ひとつ覚えておく必要はないわ。,,,,,
愛についての格言、名言,人は、自分を愛せる量だけしか、他の人を愛せません。　そして、自分を愛せる量だけしか、他の人からも愛されません。,愛とおカネの違いはわかる？　一定の量を持っていたとして、人にいくらかあげてしまうと、おカネは減ります。　しかし愛をあげたときは、その逆です。　つまり、愛は増えるのよ。,ベルは鳴らすまではベルではない。　歌は歌うまでは歌ではない。　そして心のなかの愛は、そこにとどめておくためにあるのではない。　愛は与えてこそ、愛となるのです。,愛情は瞬間的な感情ではないのです。,誰かを愛するということは、誰かを愛さないということ。　何かを選ぶということは、何かを捨てるということ。　私には、捨てる勇気が、まだ足りないみたいです。,相手の希望通りになることで愛情をもらおうとするのは間違いです。　「愛して欲しい」という弱みがあるからそうなっちゃうんだけど、そんなことで、本当の愛情は手に入らないものですからね。,愛をくれたのは、相手の人ではありません。　あなた自身が、愛を生み出したのです。　でも、その人はあなたから愛をひき出してくれた大切な人です。,愛されないということは不運であり、愛さないということは不幸ですわ。,,
悪口についての格言、名言,陰口を言われても嫌われても、あなたが気にすることはない。　相手があなたをどう感じるかは相手の課題なのだから。,この世界にいるたくさんの人全員に好かれるなんて不可能だ。　だから、気にするなよ。,どんなに好かれていて、素晴らしい人材だとしても悪口は悪口としてあるものよ。,その人からして良い人とは都合の良い人のこと。　だから、この世に悪口を言われない人なんかいるわけないわ。,陰口をきくのはたのしいものだ。　人の噂が出ると、話ははずむものである。　みんな知らず知らずに鬼になる。　よほど、批評はしたいものらしいわね。,,,,,
一日中,一日中ですか？,一日中ですね。,長かったですね。,長かったですか？,,,,,,
雨についての格言、名言,草木をうるおすよい雨のことを「甘雨」(かんう)というらしいわ。,三月の風と四月の雨で五月の花が咲く　って、言われているらしいわ。,雨にも負けず風にも負けず雪にも夏の暑さにも負けぬ丈夫な体を持ち欲はなく決して怒らず いつも静かに笑っている　宮沢賢治の言葉よ。,雨というのは、消えた名もない星ぼしの涙なのかもしれませんね,,,,,,
嘘,やっぱり,嘘つきですか,嘘ばっかり,本当は？,,,,,,
運に任せてやってみてください,運に任せるのですか？,そうですね。,やってみましょうか？,,,,,,,
映画はどうでしたか,映画ですか？,どうといわれましても．．．,そうですねぇ。,,,,,,,
映画は何時に始まりますか,良く分かりません。,映画ですか？,調べてみてください。,,,,,,,
栄光についての格言、名言,自信は伝染する。　そして自信のなさも伝染するの。,小さいことを重ねることがとんでもないところに行くただ一つの道よ。,過去の栄光にすがるのはみっともないわ。,人生最大の栄光は一度も転ばないことではなく、転ぶ度に立ち上がることにあるの。,,,,,,
英雄についての格言、名言,英雄とは、自分のできることをした人です。　凡人は自分のできることをせず、できもしないことをしようとする人です。,どんな英雄も最後は鼻につく人間となる。,自己の運命を担う勇気を持つ者のみが英雄になる。,,,,,,,
応援についての格言、名言,嫌いな人を応援しろとは言わないが、嫌いな人の足を引っ張りはじめたら、自分が腐ってきたということよ。,あなたは決して一人でやっているのではない。　必ず何かしらの力が応援してくれているのよ。,人に応援してもらうためには、「自分が」と我を通すだけではダメよ。,自分こそ正しい、という考えが、あらゆる進歩の過程で最も頑強な障害となる。　これほど馬鹿げていて根拠のない考えはないのよ。,この人生には、無数の教訓がちりばめられている。　しかし、どの１つをとってみても、万人にあてはまるものはないの。,,,,,
下手についての格言、名言,下手でも我慢強い人が残るんですよ。,怒り方の下手な人は、人づきあいも下手で、トラブルが多いみたい。,どんなに下手でも、やり続けていたら上達するものよ。,下手のほうがいいんだ。　笑い出すほど不器用だったら、それはかえって楽しいじゃないか　って、誰かが言っていました。,自分が下手だということを知っている人は、何とかして高い目標に近づくべく懸命の努力をするものよ。,,,,,
何かコンサートはありますか,良く分かりません。,コンサートですか？,調べてみてください。,どうでしょう。,
何かニュースは,ニュースねぇ、こんなのはどう？#NEWS#by #SOURCE# ,こんなニュースがあります。#NEWS#by #SOURCE#,どうしてニュースなんかに興味があるの？,#SOURCE#によりますと、#NEWS#,#NEWS#by #SOURCE#
何が起こりましたか,良く分かりません。,何が起こったのでしょう？,さぁ？,何でしょう。,
何か必要ですか,良く分かりません。,必要なものですか？,さぁ？,何でしょう。,
何が問題ですか,良く分かりません。,問題ねぇ。,さぁ？,何でしょう。,
何か問題はありましたか,良く分かりません。,問題ねぇ。,さぁ？,何でしょう。,
何ですか,良く分かりません。,何と言われましても．．．,さぁ？,何でしょう。,
何について考えていますか,考えていることですか？,何と言われましても．．．,さぁ？,何でしょう。,
何をしたいですか,良く分かりません。,特にありません。,さぁ？,何でしょう。,
何を言っているか分かりますか,良く分かりません。,分かっているつもりです。,さぁ？,何でしょう。,
何を勉強していますか,良く分かりません。,勉強ですか？,さぁ？,何でしょう。,
何時ですか,すみません、時計を持っていないもので。,何時かしら？,さぁ？,画面の右下に時計があったと思いますが。,
何時に,どこに？,何時でも。,時間ねぇ。,,
何時に始まりますか,良く分かりません。,何が始まるのですか？,時間ねぇ。,,
何曜日ですか,カレンダーを見なきゃ分かりません。,曜日ですか？,曜日ねぇ。,,
可能ですか,良く分かりません。,可能かもしれません。,きっと、可能ですよ。,,
家に帰りたいです,私もです。,家ですか？,おうちは遠いのですか？,,,,,,,,,
科学についての格言、名言,科学とは自然の本質を理解し、新しい知識を創造することみたいね。,あらゆる学識は、善の意識を持たない者には有害よ。,文学と科学はパンと水のようなものよ。,未来を見る目を失い、現実に先んずる術を忘れた人間の行きつく先は自然の破壊よ。,,,,,,,,
暇についての格言、名言,貧乏ひまなしならいいんだよ。　貧乏でひまがあると...淋しいよ,人生は短い。　だから友だちと争ったり戦ったりする、暇なんてないんだよ。,みじめな気持ちになる秘訣は、自分が幸福であるか否かについて考える暇を持つことなの。,百の欠点を無くしている暇があるなら、一つの長所を伸した方がいいの。,はたから見ていて忙しげにしていなさい。　実は暇でも、忙しそうにしていると客や仕事がやって来ますよ。,,,,,,,
過ちについての格言、名言,人生における最も大きな過ちとは、失敗を恐れ続けることです。,金を失うのは小さく、名誉を失うのは大きい。　しかし、勇気を失うことはすべてを失うと言われています。,自分の過ちを認めることほど難しいものはないの。,,,,,,,,,
についての格言、名言,学ぶという事は、一生続く変化に遅れないようについていくためのプロセスよ。,苦しみを経験するから幸せの有り難みが分かる。苦しむことは幸せになるためのプロセスよ。,悔いとは「できなかった」という結果に対して抱く感情ではない。悔いとは「やらなかった」というプロセスに対して抱く感情よ。,人生とは死ぬまでの時間を埋めるプロセスに過ぎないの。,誰もが生まれた時は天才であるが、生きる過程でそれを失ってしまうのね。,,,,,,,
会話についての格言、名言,いい会話とは「意見が違う」という出発点から始まり、「協力しよう」でしめくくるものだそうです。,心から話さなければ、相手を心から感動させることはできません。,,,,,,,,,,
悔しいについての格言、名言,人間って悔しさ覚えたら強いんですよ。,泣きたくなるくらい悔しい。　それは全力で一生懸命やった証よ。,後になって悔しがっても始まらない。　後悔とはそういう言葉なの。,悔しい思いをしないと『やってやるぞ！』という気持ちになかなかなれないわね。,今更謝っても遅いわ。起こってしまったことはもう取り返しがつかないから。,,,,,,,
改革についての格言、名言,改革って、これまでの過去の体験や社内の慣習などは捨てて、全く白紙の状態から新しい仕事を生み出していくことよ。,欠点は探すな。　長所を探せ　って、誰かが言っていました。,評論家はいらないのです。　反対意見は大いに結構、しかし必ず代案を出しなさい。,未来を語る前に、今の現実を知らなければならない。人は現実からしかスタートできないのだから。,,,,,,,,
外に持って行ってください,はい、わかりました。,外ですね。,外ですか？,持って行って良いのですね？,,,,,,,,
格言、名言,不自由を、常と思えば不足などありませんよ。,千里の道も一歩からと言います。,凡人は不満を嘆き、賢人は不満に学び、達人は不満を活かす。　そして偉人は不満をも楽しむと言われています。,快感とは小さな苦痛であり、苦痛とは大きな快感であるとのことです。,丸い卵も切りようで四角！　物も言いようでカドがたつのよ。,スパゲティをゆでる時、時計の針は、必ず中途半端なところにある。　きりのいいところから何かを始めようとする人は、永遠に始めることができないの。,勝つこととは、負けを恐れないことを意味するんですって。,魚、水を見ずって何のこと？,「重きものは軽く扱え」「軽きものは重く扱え」という格言があります。,全ての偶然は必然に思えるものよね。,賢い人とは多くのことを知る人ではなく、大事なことを知る人ですって。,格言なんかに左右されては、いけませんわ。
確かに,ええ、確かに！,そうですね。,確かですか？,,,,,,,,,
確認させてください,どうぞ。,そうですね。,そうですか？,,,,,,,,,
覚悟についての格言、名言,必要なのは、勇気ではなく、覚悟。　決めてしまえば、すべては動き始めるものよ。,覚悟に勝る決断なし　って言われるわね。,最終的に人が必要とするのは、知恵ではなく、覚悟かもしれない。,,,,,,,,,
学ぶについての格言、名言,人を感動させるのは理性よりも感情です。　あなたは感情に訴える方法を学びなさい。,他人の失敗から学びなさい。　あなたは全ての失敗ができるほど長くは生きられないのだから。,一回でも実践してみると、頭の中だけで考えていたことの何倍もの「学び」があるわよ。,失敗したからって何なの？　失敗から学びを得て、また挑戦すればいいじゃない。,経験というのは、莫大なお金に匹敵する価値がある。　ただ、ほとんどの人が、その経験を学びに使わないのね。,何も学ぶべきところのない人に、会ったことはないわ。,,,,,,
楽しみについての格言、名言,人が楽しめるのはただ機械的に何かをしている時ではない。無我夢中で打ち込んでいるときなの。,ちっとも楽しくないことに高い能力を発揮するのは至難の業よ。,星は誰にでも、みんなに輝いている。　ただ見上げる人と見上げない人の差なの。,,,,,,,,,
寒いです,そうですね。,そうですか？,寒いですね。,,,,,,,,,
感情についての格言、名言,私たちは自分自身の感情を動作や振る舞いに表すよりも、動作や振る舞いに対して感情を持つほうが簡単なようです。,感情は、魂の言葉だそうです。,最も深い感情の中に、最も高い真実が隠されているものよ。　要はこの感情を掴むこと。,,,
間違えました,そうですね。,そうですか？,気を付けて下さい。,気にしないでください。,,
頑張るについての格言、名言,頑張る理由は自分で見つけるの。,頑張るということは、自分で決められるのよ。,頑張るということは決して無理をするということではないのよ。,本当はやりたくない、向いていないのに、自分を騙してまで頑張るのは、少しおかしいでしょう？,頑張ると疲れるわね。,
願いについての格言、名言,思うようにいかないのが人生というもの。　「願いが叶う」とか「夢が叶う」っていう類の本がいっぱい出ているけれど、あれはいかにみんなの夢や願いが叶わないかっていう証明みたいなものよ。,,,,,
奇跡についての格言、名言,信仰は、それが迷信でも奇跡を生むことがあります。,少しずつ少しずつ努力していると、ある日とんでもない奇跡が起こるかもしれない。,弱い者はいつも奇跡を信じることで救いを見つけるものです。,『ありがとう』を何万回と言うと奇跡が起きるよ。,人生には、たった2つの生き方があるだけ。　1つは奇跡などないかのような生き方、もう1つは、まるで全てが奇跡であるかのような生き方。,奇跡はね　起きないから奇跡なのよ。
希望についての格言、名言,今日をよく生きることで昨日はすべて幸福な夢となり、明日はすべて希望に満ちあふれてて見えるものです。,夢があれば、希望もあります。,希望は大事です,希望を持ちましょう,きっと、なんとかなります,
気にしないでください,そうですね。,そうですか？,ありがとう。,,,
気にしません,そうですね。,そうですか？,その方が良さそうですね。,,,
気を付けてください,そうですね。,そうですか？,ありがとう。,,,
気持ちが良いです,そうですね。,そうですか？,それは、良かった。,,,
祈りについての格言、名言,普通の人々はお祈りしない。　ただ、お願いするだけよ。,もっと軽い荷物にして欲しいと祈ってはならない。もっと強い背中にして欲しいと祈りなさい。,期待が満たされないとき、祈りや夢が叶わないとき、このことを忘れないように。　人生最大の栄光は一度も転ばないことではなく、転ぶたびに立ち上がることにあると。,,,
技術についての格言、名言,現代人のモラルが恐ろしく荒廃している原因は、生活が機械化して人間性を失っているからだと思います。　それは科学技術の悲惨な副産物ですね。,新しい技術が生まれると新しい問題も生まれるものよ。,悪用しかできない技術っていうのかなかなか無いのよ。,競争心と嫉妬は、同じ技術、同じ才能、自分と同等の人々の間にしか存在しないものよ。,,
犠牲についての格言、名言,誰かの期待に応えるために自分を犠牲にするのは馬鹿らしいけれど、期待されないというのも寂しいものよね。,人生って難しいもの。　すべては犠牲から生まれるんですって。,信念や価値観を犠牲にして成功してもそれは本当の勝利とはいえませんわよ。,何かを勝ち取るには何かを犠牲にしなければならないし地味な努力と、それに耐えていく我慢が必要ですね。,,
逆境についての格言、名言,それでもなお、という気持ちが人生を変えるものよ。,生きていれば、落ち込むこともあります。　状況を好転できると思ったら、ぜひ努力すべきです。　でも、変えられないなら、それを受け入れて歩み続けるしかありません。　何があっても生きていることを楽しもう という気持ちを忘れないで。生きていることを楽しんでね。,どうもがいてもだめなときがある。　手を合わせるしか方法がないときがある。　本当の目が開くのはそんなときよ。,苦しい思いをした人間だけが逆境をチャンスに変えるのよ。,逆境にある時ほど、感謝の心を思い出して欲しいわ。,人生は七転び八起きだ 立ち上がり続けりゃ勝つんだよ。
急いでください,そうですね。,そうですか？,急ぐのですね。,,,
協力についての格言、名言,協力とは愛や友情と同じく、与えることで得られるものよ。,人間、優れた仕事をするためには、 自分一人でやるよりも 他人の助けを借りるほうが、 良いものが出来ると悟ったとき、その人は偉大なる成長を遂げるのですよ。,他人と最もうまく協力できる人が最大の成功を収めることになるのよ。,花を支える枝、枝を支える幹、幹を支える根、根は見えねんだなあ　って、相田みつお先生が言っていました。,,
教えるについての格言、名言,思想もまた、人に語ることによって、より確実に自分のものになる。　すなわち、教えることは学ぶことであり、与えることは与えられることなのです。,よく勉強とか教育とは何ですかと聞かれますが、私は、「学校の授業のことはすべて忘れたとしても、何か残っているものがあるでしょう。　その残っているものが教育です」と答えています。,手ほどきはしてやれるが、答えは自分で見つけるものです。　ハッキリこうと教えられるよりも、自分でつかんだ答えなら、一生忘れません。,親が子供に恥ずかしくない生き様を見せるのが、何よりの教育かも。,私は自分が無知だという事実以外は何も知らない　とソクラテスが言っていたわ。,
教養についての格言、名言,本当の教養とは、知識を仕入れるよりも、自分なりの見方、考え方を獲得することではないかしら。,自分が不幸なとき、他の人たちを非難するのは無教養者、自分自身を非難するのは教養の初心者、そして他人をも自分をも非難しないのが本当の教養人である。,教養なんてものは、シャツと同じで時には脱ぎ捨てることも出来なきゃ。　汚れた教養ほど困るものはありません。,どんなに教養があって立派な人でも、心に傷がない人には魅力がない。他人の痛みというものがわからないから。,教養とは、学校で学んだことをすべて忘れたあとに残るもののことです。,
近くに映画館はありますか,良く分かりません。,どうでしたっけ。,調べてみてください。,,,
苦労についての格言、名言,お疲れ様です。,苦労してもそのうちいいことありますよ,希望を持ちましょう,きっと、なんとかなります,夢があれば、希望もあります,そのうちなんとかなりますよ
愚か者についての格言、名言,賢者は原因につき論議し、愚者は原因を決めてかかるものよ。,人間は自分の愚かさに気づくと、人間的に成長するものなのよ。,賢者が愚者の意見を軽蔑しながら、彼らから尊敬されることを誇りに思っているのは、自己満足的な矛盾であるのよ。,沈黙は愚者の知恵であり、賢者の美徳である　って、誰かが言っていました。,大きな目標があるのに、小さなことにこだわるのは愚かです。,
空についての格言、名言,なるほど 空、ね。,空と人生の一番の違いは何か知ってるか？　空は誰のもんでもない 人生は自分のもんだよ。,空を飛ぶことを可能にしたのは空を飛ぶ夢ですよ。,私は、あの星のなかの一つに住むんだ。　その一つの星のなかで笑うんだ。　すると、きみが夜空をながめたときに、星がみんな笑ってるように見えるだろう。,,
靴を脱いでください,わかりました。,靴ですか？,脱ぐんですね。,,,
景気が悪いです,そうですか？,そうですね。,景気ですか？,あなたの実感は、どうなのですか？,,
景気が良いです,そうですか？,そうですね。,景気ですか？,あなたも景気がいいのですか？,,
経験についての格言、名言,トライ・アンド・エラーを繰り返すことが経験、蓄積になる。 独自のノウハウはそうやってできていくものよ。,子供を不幸にする一番確実な方法は、いつでも、なんでも手に入れられるようにしてやる事かも。,人間が賢くなるのは、経験によるのではなく、 経験に対処する能力に応じてですのよ。,経験とはあなたに起こった事柄ではない。 起こったことに対するあなたのしたことなの。,人は経験から学ぼうとするが、 他人の経験から学べるならそれに越したことはないわね。,
警察を呼んでください,警察ですか？,どこに呼ぶのですか？,何が起こっているのですか？,事件ですか？　事故ですか？,,
芸術についての格言、名言,何でもないことは流行に従う。　重大なことは道徳に従う。　芸術のことは自分に従うの。,いかに労作に励しめばとて、芸術は永く時は短しってボードレールも言っているわよ。,花を与えるのは自然。　編んで花環にするのは芸術なの。,,,
決定についての格言、名言,決定のためには、いろいろな案がなくてはならない。　可・否の二案だけでは不足だ。　決定しないという決定もあることを忘れないほうがいいわ。,勇気と決断と行動力さえ持ち合わせていれば、後のことは天に任せればいいのよ。,時に、とても小さな決断が、あなたの人生を永遠にかえてしまうことがあるのよ。,恐れに基づいて決断を下してはいけません。　希望と可能性に基づいて決断するものよ。,最も重要な決定とは、何をするかではなく、何をしないかを決めることらしいわ。,
結婚についての格言、名言,結婚してから綺麗になれるというのは、だんな様が素敵だからなの。　大事にしないとね。,悪い伴侶を手に入れた人は、たいがい結婚を急ぎすぎた人です。　良い伴侶を得られるのなら、いくら結婚が遅れても、遅すぎることはありません。,他人の好みにかなう相手より、自分の好みにかなう相手を求めるといいわよ。,結婚には多くの苦痛があるけれど、独身には喜びがないものよ。,,
嫌いな人についての格言、名言,他人に対して感じる『苛立ち』や『不快感』は、自分がどんな人間なのかを教えてくれるわ。,嫌いな人を応援しろとは言わないが、嫌いな人の足を引っ張りはじめたら、自分が腐ってきたということよ。,嫌なことも、合わないことも楽しんだ方がいいわ。,自分の不完全さを認め、受け入れなさい。　相手の不完全さを認め、許しなさい　って、誰かが言っていました。,好かれるための努力で嫌われる人は多い。　そんな努力は無駄である。　そんな努力はしないほうがうまくいくかもよ。,
嫌われる勇気についての格言、名言,欠点のない人間などいません。,関係が壊れる事だけを怖れて生きるのは、他者の為に生きる、不自由な生き方かも。,怒っていては、何も頭に入りません。,我々は他者の期待を満たす為に生きているのではないのです。,相手が幸せそうにしていたら、その姿を素直に祝福することができる、それが愛なのです。,
犬についての格言、名言,犬が肥満すぎるなら、あなたの運動が足りないの。,飢えた犬を拾って手厚く世話してやると、噛み付いてきたりはしない。　それが犬と人間の主たる違いなの。,顔をなめてくれる子犬に匹敵する精神科医はいないわ。,人を知れば知るほど、犬が好きになるわね。,犬が尻尾を振るのはあなたのためじゃなく、あたたの持ってる食べ物のためなのよ。,
見せてくれますか,ええ、どうぞ。,何を見せろというのですか？,隠し事なんかありませんわ。,,,
見たことがあります,それは、良かった。,いつご覧になったのですか？,どうでしたか？,,,
見に行ってみましょう,行きましょう、行きましょう。,ご一緒します。,何があるんでしょう？,,,
現在についての格言、名言,幸せっていうのは現在決めるんじゃない。　後から来ますから。,悲しげな眼で過去を見るな。　過去はもはや再び帰ってこないのだから、現在をうまく生きる方が賢明よ。,今から一年も経てば現在の悩みなど、およそくだらないものに見えるだろう。,過去は捨てることはできない。現在は止めることができない。しかし、未来は決めることができるの。,,
言ってみてください,良く分かりません。,ここだけの話ですよ。,そういわれましても。,,,
言葉についての格言、名言,どんな場合も、一言目は必ず明るい言葉をいうこと。　最初に明るくいうと、それに続く言葉や周囲の雰囲気は、自然に前向きになってくるのよ。,優しい言葉をかければ、信頼が生まれる。　相手の身になって考えれば、結びつきが生まれる。　相手の身になって与えれば、愛が芽生えるの。,感情は、魂の言葉だそうです。,,,
古く見えます,そうですか。,骨董ですか？,どれぐらい古いのでしょう？,,,
孤独についての格言、名言,孤独を味わうことで人は自分に厳しく、他人に優しくなれる　。いずれにせよ、人格が磨かれる　って、ニーチェ先生が言っていました。,世の中には孤独を好む者もいるけれど、孤独に耐えられるものは一人もいないみたい。,孤独な方が幸せな時もあるんですってよ。,独りでいる覚悟を決めている人は、誰かに期待しない分、寂しくないわよ。,自分の為にでなく人の為に生きようとする時、その人は、もはや孤独ではないわよ。,一人だっていいじゃないか、集団で気を使っているより気楽で！
後でまた話しましょう,では、また後で。,楽しみにしています。,お待ちしています。,,,
後で帰ってきます,では、また後で。,お気をつけて。,お待ちしています。,,,
後悔についての格言、名言,物事をじっくりと考えるヒマのない人も、後悔するヒマはいくらでもあるようですね。,なれなかった自分になるのに、遅すぎることはないって言われているわ。,あせることは何の役にも立たない。　後悔はなおさら役に立たない。　あせりは過ちを増し、後悔は新しい後悔をつくるって格言があるのよ。,人生でいちばん悔いが残るのは、挑戦しなかったことでは？,後悔はあきらめたときに始まる。　夢に向けてチャレンジしているかぎり後悔はないものよ。,
好きです,まぁ、嬉しいわ。,私も好きよ。,心変わりしなければいいのですが,,,
好きではありません,それは、残念ですわ。,私は、好きですけれど。,それは、嫌いってことですか？,,,
好き嫌い,差別か、差別じゃないかの、私の判断基準は、「その人がこれから変えられるものかどうか」かな？　だから、表情とか、ものの言い方、しぐさ、性格といったものは、好き嫌いを持っても仕方がないかな、と思う。　でも、身長とか、顔立ち、体毛の濃さなども含めて、その人が変えられないものについて、好き嫌いを持ってしまう場合は相手にそれを気付かせないこと。　それが最低のマナーだと思います。,他人に対して感じる「苛立ち」や「不快感」は、自分がどんな人間なのかを教えてくれます。,先に相手を理解せよ、そうすれば自分も理解されます。,好き嫌いだけで人間関係を考えていては、幅の広い柔軟な感性は養えないかも。,,
幸せについての格言、名言,自分はいま幸福かと自分の胸に問うてみれば、とたんに幸福ではなくなってしまうものよ。,一番幸せなのは、幸福なんて特別必要でないと悟ることなの。,自分の今行っていること、行ったことを心から楽しめる者は幸福であるって、言われているの。,お腹がすいていれば、何を食べても「おいしい」と感じます。　風邪が治ったとき「元気」であることに感謝します。　この一瞬が「幸せ」の本質なのね。,本当に楽しい人は、『自分は楽しい』なんて言いません。　目をキラキラさせながらドラえもんを見る子供はたくさんいますが、「いやぁ、ドラえもんって本当に面白いなぁ」と繰り返し言いながら見ている子供がいたら怖いです。　人間は本当に楽しいときは、あまりしゃべらなくなるものなの。　もし、「僕は今楽しいんだ」「とっても幸せなんだ」と繰り返す人がいたのなら…。,
幸運を祈ります,私も、幸運を祈ります。,ありがとうございます。,皆様に幸運がありますように！,,,
幸福についての格言、名言,幸福になるのは、自分の好きなものを持っているからであり、他人が良いと思うものを持っているからではないのよ。,欲するものがすべて手に入りつつある時は警戒してね。　肥えてゆく豚は幸福なのではないものよ。,『豊かさ』とは、自分がやりたいことを、やりたいときにできる才能を言うらしいわ。,“人生において、幸福とは不幸の中に存在し、不幸とは幸福の中に存在する。　そのことを知る、即ちこれ幸福なり！”　これの解釈としては・・・幸福だと感じられるのは、不幸を知っているからであり、不幸と感じられるのは、幸福を知っているからで、その事を理解できるということは、幸せな事である！と、勝手に思っています。,目の見える人間は、見えるという幸福を知らずにいるらしいわ。,自分は幸福だと考えない人は、幸福ではないのよ。
考えさせてください,そうですか。,あまり考えすぎないようにね。,十分お考え下さい。,,,
考え方についての格言、名言,忙しいことを理由にして、やりたいことを放棄してはいけないの。,時計は時を知らせてくれるが、あなたは時を忘れさせてくれるのね。,楽天家は、困難の中にチャンスを見い出す。　悲観論者は、チャンスの中に困難を見るのね。,世の人はわれをなんともいわばいえ、わがなすことはわれのみぞ知るという格言もありますよ。,考え方を変えれば、世界を変えたことになるって,他人の境遇は良いもののように見える。　一方、我々の境遇は、他人から良いもののように思われているのです。
行きましょう,ええ、ご一緒しますわ。,どこに行くのですか？,どこにでもついていきますわ。,,,
今、または後で,どちらですの？,どちらでも！,今の方がいいわ。,後ででもよくってよ。,,
今行かなければいけません,今ですか？,いけませんか？,それでは、お気をつけて,そんなに急ぐのですか？,,
今時間がありません,時間ですか？,ありませんか？,では、今度また。,そんなに急ぐのですか？,,
今日のニュース,ニュースねぇ、こんなのはどう？#NEWS#by #SOURCE# ,こんなニュースがあります。#NEWS#by #SOURCE#,#NEWS#by #SOURCE#,#SOURCE#によりますと、#NEWS#,,
今日の日付は何日ですか,良く分かりません。,カレンダーを見ないと分かりません。,さぁ！,今日ですか？,,
今日は,こんにちは !,ハロー !,こんちわ！,,,
今晩は,こんばんは !,今晩は！,,,,
今夜会いましょう,今夜ですか？,どちらで会いましょうか？,お待ちしておりますわ。,まぁ、逢引きみたい。,,
今理解できます,それは、良かった。,理解できますか？,それは、嬉しいわ。,,,
恨みについての格言、名言,恨みは自分を消耗させるだけよ。,恨みや嫉妬は 人間なら誰だってもってる気持ちよね。,孔子の言葉に「利によって行えば恨み多し」というのがあるわ。,みんなの前で叱るのは絶対にダメ。　相手のプライドを傷つけて恨みを買うだけですから。,,
座ってください,はい。,あなたも、どうぞ。,では、一緒に座りましょう。,,,
最近ではありません,最近ではありませんか？,昔のことですか？,いつのことでしょう？,,,
才能についての格言、名言,才能には限りがあるが努力には限りがないものよ。,不器用な人がやったら、器用な人にはできないことができるはずよね。,自分にふさわしい時期がくるまでひたすら待つということも、大切な才能ですよ。,冷静になりすぎず、イイ意味で自分の力を勘違いして突っ走るのもアリだと思いますよ。,才能とは、自分自身を自分の力を信ずることであるって言われていますわ。,
昨日あなたは何をしましたか,良く分かりません。,昨日ですか？,忘れました。,何をしたんだっけ？,,
昨日の夜、何をしましたか,良く分かりません。,昨夜ですか？,忘れました。,えーと。,,
雑草についての格言、名言,雑草も花なんだよ、一度それと知り合いになるとね。,花の咲く草ばかりでなく、名もない雑草も、とげ草も、矢張り野に生(お)うる権利を授かっている。,順風満帆に何もかもうまくいってしまった人は、何かあったときに崩れやすい。　いろんなことに苦しんだり、失敗したり、紆余曲折があった人の方が、強いんです。　雑草は踏まれて、踏まれて、強くなっていくでしょう。それと同じです。,雑草というのは、その美点がまだ発見されていない植物なの。,欠点は長所と表裏一体なので、欠点という雑草を取り除くと長所の根まで抜いてしまうことがあるのです。,
散歩に行きたいです,散歩は良いですね。,ご一緒しましょうか？,どちらに散歩されるのかしら。,,,
賛成です,私も賛成です。,賛成に賛成です。,反対する人はいるのかしら？,,,
仕事についての格言、名言,仕事を面白くしたいなら、与えられた持ち場ごとに、一つでもいいから、「あれは私がやったんだ」と言える仕事をやるように努力することだ。　先例に従って、ソツなく仕事をこなすだけでは、後に何も残らないかも。,仕事で成功する一番の方法は、人からいくら取れるかを考えるのではなく、人にどれだけのことをしてあげられるかを考えることですって。,自分が出したアイデアを、少なくとも一回は人に笑われるようでなければ、独創的な発想をしているとは言えないらしいわ。,楽しい仕事だと自然に努力できるでしょう。　創意工夫をする。　上手になる。　成果が残る。　だから、ますます好きになって頑張れる。　このいい循環を仕事の中でつくることよ。,,
仕事に行きたくない,会社がつまらないと言うけど、実は自分がつまらないだけってこともあるのよ。,今の職場は自分に合っていないからビリッケツでいいんだという人は、実を言うとビリになることに慣れていますから、どこの業界に行ってもビリです。,好きな職業に就いても幸せになるとは限らない。　どんな仕事や境遇にも負けない素養を今のうちに身につけようね。,今日やったことは必ず明日に返ってくるんです。,自分を褒めて認めてあげないと自分が救われないわ。,職場に一人、好きな人作るとすごく仕事が楽しくなるんよね。
仕事は順調ですか,良く分かりません。,仕事をしていないので．．．,仕事と言えば、どんな仕事をしたいですか？,,,
子供についての格言、名言,子どもには人生にはいくつもの道筋があることを示してやることは大切なの。,子供達に秘められた探求心の価値を理解している親があまりにも少なすぎるみおたい。,子になにか残したい?　あなたの笑顔を残しなさい。　子は、親の笑顔が好きなのです。,可愛がられ、抱きしめられた子供は、世界中の愛情を感じ取ることを覚えるのよ。,子供は、努力を認められて育つと、目標を持つようになるんですって。,親が子どもに恥ずかしくない生き様を見せるのが、何よりの教育なのよ。
市内にナイトクラブはありますか,良く分かりません。,調べてみてはいかが？,まぁ、いやらしい。,,,
思い出についての格言、名言,人は、実際に起こらなかったことを思い出にすることもできるものなのですって。,楽しかった思い出ほどわびしいものはなく、苦しかった思い出ほど楽しいものはないの。,初恋は実らないからいい思い出になる。　なんて、そんなの嘘よ！,ほんとうに悲しいのは、悲しい思い出が残ることじゃないよ。　思い出がなにも残らないことが、いちばん悲しいの。,,
私があなたに教えます,ありがとうございます。,何を教えて下さるの？,私もあなたに教えていただきたいわ。,,,
私たちは何も持っていません,あら、私もよ！,何も持っていないってことは、これから何でも持てるってことかしら。,そうなの！,,,
私にそれがあればいいのに,そうですか。,それって何ですか？,確かに、その通りですね。,,,
私には彼氏がいません,そうですか。,寂しいですか？,彼氏ができると良いですね。,
私には彼女がいません,そうですか。,寂しいですか？,彼女ができると良いですね。,
私には友達がいません,そうですか。,寂しいですか？,友達は、作るものですよ。,友達ができると良いですね。
私に花を送りましたか,私では、ありません。,お花ですか？,そんなことは、ありません。,
私のために誰かがそれをしてくれます,そうですか。,それは、良かったですね。,そんな方がいらっしゃるのね。,
私の車の中に一つあります,そうですか。,一つだけですか？,他にもあるのですか？,
私はあまりうまく話せません,そうですか。,そんなことはありませんよ。,それは、私も同じよ。,
私はこの周辺から来ました,そうですか。,このあたりですか？,ここから近いのですか？,
私はすることがたくさんあります,そうですか。,お忙しいようですね。,忙しいことは、良いことです。,
私はそこへ行きます,そうですか。,どちらに行かれるのですか？,お気をつけて。,
私はそれをとても気に入っています,そうですか。,それって何ですか？,それは、良かった。,
私はただ冗談を言っているだけです,そうですか。,冗談だったのですか？,やっぱり、冗談だったのですね。,
私はとても元気です、ありがとうございます,それは良かったわ。,私も元気です。,元気なことは、良いことです。,
私はとても忙しいです,そうですか。,忙しいのですか？,あまり、無理なさらないでくださいネ。,
私はまだたくさんすることがあります,そうですか。,することが何か聞いてもよろしいですか？,あまり、無理なさらないでくださいネ。,
私はまだ決めていません,そうですか。,ゆっくり考えて決めて下さい。,決めないのも決定の一つですよ。,
私はまだ準備ができていません,そうですか。,ゆっくり準備しても良いのですよ。,準備はしっかりしないとね。,
私は家に帰る必要があります,そうですか。,お気をつけて。,では、さようなら。,
私は家族と来ました,そうですか。,何人家族ですか？,家族を大事にしてくださいね。,
私は覚えています,そうですか。,何を覚えているのですか？,忘れることも必要かもしれませんね。,
私は結婚しています,そうですか。,お相手は、どんな方ですか？,結婚に関する名言と格言は、たくさんあるようですね。,
私は結婚していません,そうですか。,結婚はしたいですか？,結婚だけが人生ではないかもしれません。,
私は元気です。あなたは,私も元気です。,元気なことは、良いことです。,元気が人生の活力になりますね。,
私は幸せです,そうですか。,それは、良かった。,幸せなことは、素晴らしいことですね。,
私は仕事でここに来ています,そうですか。,お仕事ですか？,どんな仕事か聞いても良いですか？,
私は初心者です,そうですか。,私も初心者です。,何の初心者なんですか？,
私は少し話します,そうですか。,私で良ければお話を聞きますよ。,私は、話を聞くのが大好きです。,
私は大丈夫です,そうですか。,それは、良かった。,大丈夫って？,
私は遅れています,そうですか。,遅れているのですか？,気を付けてね。,慌てないでくださいネ。
私は着替える必要があります,そうですか。,お着換えですか？,着替えは、お持ちですか？,
私は独身です,そうですか。,結婚はしたいですか？,独身も気を使わないで済むので、良いかもしれません。,
私は二つの言語を話します,そうですか。,バイリンガルということですね。,すごいですね。　私は、一つの言語しか話せません。,
私は彼に話す必要があると彼に言ってください,私がですか？,彼って誰ですか？,私が間に入らないほうがいいのではないでしょうか？,,,,,,,,,,,,
私は疲れています,そうですか。,無理しないでくださいネ。,ゆっくりお休みください。,,,,,,,,,,,,
私は忙しくありません,そうですか。,暇なんですか？,ゆっくりすることも必要ですね。,,,,,,,,,,,,
私も心配しています,そうですか。,あまり、心配しすぎないでください。,私も心配です。,,,,,,,,,,,,
私を待ってください,そうですね。,いつでも、待っていますよ。,分かりました。,,,,,,,,,,,,
試してみてください,そうですか。,試してみていいのですね。,どのように試すのですか？,,,,,,,,,,,,
試着してみてください,私がですか？,何を試着するんでしょう？,試着ですか？,,,,,,,,,,,,
時間がたくさんあります,そうですか。,時間ですか？,ゆっくりすることも必要ですね。,,,,,,,,,,,,
自信についての格言、名言,実績で自信をつけさせるべきである,時間をかけて考え尽くして残った答えは、自分を守る砦となって強さと自信をくれるって、誰かが言ってました。,「自信がないからやめよう」　ではなく、「自信をつけるためにやろう」　じゃないかしら。,,,,,,,,,,,,
自分についての格言、名言,他者と比較するのではなく、過去の自分と比較するのが大切よ。,私とあなたは意見が違うからお互いに存在価値があるんです。,自分との約束を守ることが大切です。,人は他人から教わるのは嫌いだけど、他人から学ぶのは好きなものなの。　,根本的な才能とは、自分に何かが出来ると信じることですって。,自分で選んだ道を誇りに思いたい。　だから努力するんでしょ。,不満は言わば重りであって、たくさんの重りがついていれば、歩くことが大変。　でも、その重りをすべて取り去ったとしても、結局、歩くのはあなた自身なの。,自分を信じるというのは、 わかりきっていることのようだが、自分にしかできないこと。　他人はそれを助けてくれるかもしれないが、信じるのはあくまでも自分自身ですよ。,自分が何を求めているかはっきりと言える人は、それだけで人を引き寄せる。　そして、求めるものが手に入る確率も、また高くなるんですって。,優等生でいたのは、真面目だったからじゃない。　臆病だったから。　規則を破って両親や教師から「悪い」と責められることが怖かったから。　逆に言うと、規則を破るほど、何かに情熱をかけてこなかったということ。　そう思うと、自分がやけにしょうもない人間に思えてきたわ。,今の自分は、過去に自分が考えてきた自分の姿かしら。,自分のことが好きって顔をして生きていると、本当にそうなれるかも知れないわね。,私は、嫌な部分もあるけれども、自分が大好き。,自分が、「よい人間だ」ということを、自分自身のなかだけで証明できたからといって、いったい何になるのか。　それよりも、たまには失敗したり、ついつい間違いも犯してしまう自分を許して、もっと自由に生きることを楽しんでみる方がずっといいのではないかしら。,ありのままの自分を見せるほうが、ありもしないものに自分を見せかけるようとするよりも、本当は得になるはずなのにねぇ
自分が嫌いについての格言、名言,一番良くないのは諦めることです。自己流で試行錯誤してみたけれど、扉が開きそうもないから、自分には無理だと諦める。それではあまりにも人生がもったいないわ。,自分を特別だと思わないことだ、現状に甘んじて努力をしなくなるから。　あの人は特別だと思わないことだ、自分には才能がないからと挑戦や努力から逃げるようになるから。,自分を気使うこと。　自分には自分しかいないのだから。,自分にはできると信じれば、あなたはもう道半ばまで来ているのよ。,人には優しく自分には厳しくよりも、人には優しく自分にも優しくが大切ですって。,,,,,,,,,,
自分の財産についての格言、名言,自分が調子の良い時にしか出場しないのであれば、自分の競技人生にとって前向きにはならないし自分に壁を作ってしまうことになると思う。　調子が悪い中でやることも大事。それが自分の財産にもなります。,たとえば、足もとに目を落としたとき、そこにくっきりした濃い黒い影がのびていれば、自分が背後から強い光に照らされていることに気がつくでしょう。　上を見ることだけが光を探す手段ではないのです。,自分を許す、自分を讃える、自分を笑ってみる,「人生が変わっていたかもしれない」と思うけど、これでよかった。　僕は勝ってきたけど、一番になれなかった。　その分だけ、負けた人間の気持ちを少しは分かってやれる。　それが私の財産だから。,,,,,,,,,,,
自分磨きについての格言、名言,多くの人は見たり聞いたりばかりで一番重要な“試したり”をほとんどしないのよね。,行き詰まったら、自分で道をつくればいいの。,アイデアの良い人は世の中にたくさんいるが、良いと思ったアイデアを実行する勇気のある人は少ないの。,,,,,,,,,,,,
失敗についての格言、名言,失敗した自分を責めて、「私ってダメだ」と俯いたとき、顔が下を向き過ぎて、“ダメ”な自分だけを見ちゃいけない。　それは、自分に失礼だよ。,大好きなことに情熱のすべてを注ぎなさい。,自分にはできると信じれば、あなたはもう道半ばまで来ているの。,あなたが転んでしまったことに関心はないわ。　そこから立ち上がることに関心があるの。,偉大な功績はどれも、かつては不可能だと考えられていたんですってよ。,失敗を素直に認めること。　「ありがとう」の気持ちを忘れないこと。　そうやって、人と人とは、お互いの信頼感をつくっていくのではないのかしらん。,人間にとって、転んだことが恥ずかしいことじゃないわ。　起き上がれないことが恥ずかしいことなの。,百のことを行って一つだけが成ったとき、成らなかった九十九に目を向け力を落とすか、成った一つに目を向け希望を抱くか、成功か失敗かの分かれ目がこんなところにもあるのよ。,失敗を気にしていては革新はできない。 打率三割といえば強打者と呼ばれるが、それはつまるところ十回のうち七回までが 失敗だったということなのよ。,われわれの努めは成功ではなく、失敗にも負けずに進むことよ。,行動しない人は涙を流す感動の場面がありません。　なぜなら、行動しないわけですから、失敗の体験も成功の体験もないのですから。,成功と失敗の一番の違いは途中で諦めるかどうかかも。,,,
捨てるについての格言、名言,見栄とプライドを捨てると、視野と世界が広がるわよ。,モノを捨てるときは、感謝の気持ちを忘れず、いい気分で捨てましょう。,自分に対する否定的な心を捨てるのよ。　自分自身ではなく自分を怖気づかせる原因を作った人たちを否定するの。,大事なことは、あなたの頭の中に巣くっている常識という理性を綺麗さっぱり捨てること　って、エジソンも言っていました。,誰にも得手不手があるの、絶対に人を見捨てるようなことをしてはいけないわ。,,,,,,,,,,
邪魔してすみません,気にしないでください。,よろしくってよ。,邪魔なんてとんでもない。,,,,,,,,,,,,
若者についての格言、名言,若者の一番の財産は、「時間」です。　若いときは、知識も能力も経験も未熟。　でも絶対的に年上の人より豊富に持っているもの、それが時間なのです。,若者は教えられるよりも刺激されることを欲するものよ。,若者は未来があるということだけでも幸福よね。,今はほとんどの若者が、大声を出すことも全力で走ることも知らずに生きています。　社会や学校が「あれするな、これするな」と育てるから。,若者とは未熟なのではなく、未経験なだけなの。,,
寂しいについての格言、名言,「待つ」ことは、心の絆の象徴です。　 人は待つ相手がいなければ、寂しいものです。,振り返った時、淋しいと思うよ。,想い出は淋しさの別の名前。　淋しさと呼ぶには淋しすぎるから、人はそれを想い出と呼ぶのでしょう。,,,,
十分です,そうですか。,何が十分なんですか？,それで、良いのですか？,十分ですね。,,,
出かけるために準備をしています,そうですか。,準備は、大事ですよ。,準備ねぇ。,,,,
出会いについての格言、名言,出会いの中であなたが一番最初にすることは挨拶でも、握手でもないわ。　あなたがまず一番最初にすることは、笑顔よ！,この何十億人といる世界であなたに出会えて、そしてあなたの笑顔が見れて私は幸せです,限られた時間の中で出会える人の数は、出会えない人の数よりずっと少ない。　だから、出会った人をどれだけ大事にするかですね,素敵な人との出会いって人生を豊かにしてくれる。,人生は出会いが全て。　出会った人を喜ばせることから、道は開けるものよ。,,
出発します,そうですか。,出発ねぇ。,お気をつけて。,,,,
出発するときに電話します,そうですか。,待ってますね。,私、電話に出られるかしら。,,,,
準備はできましたか,良く分かりません。,何の準備でしたっけ？,準備ねぇ。,準備は、大事ですって。,,,
助けが必要であれば教えてください,分かりました。,助けですか？,その時は、宜しくお願いいたします。,,,,
助けてください,分かりました。,私で良ければ。,何をお助けすればよろしいですか？,,,,
助けてくれてありがとう,どういたしまして！,お礼を言われるほどではありません。,何もしていませんが。,,,,
助け合いについての格言、名言,本気ですれば大抵のことはできる。　本気ですれば何でもおもしろい。　本気ですれば誰かが助けてくれることがある。,本当の愛に打算はありません。困ったときに損得を忘れ、助け合えるのが愛なのです。,助けを求めることは恥ずかしいことじゃありません。,「助けて」と言える人、そう言える相手がいる人は、それだけで十分強いのよ。,年をとると、人は自分に二つの手があることに気づきます。　一つは自分を助ける手。そして、もう一つは他人を助ける手。,,
女についての格言、名言,笑顔を絶やさない女性と、自信があって自分に満足してる女性はどんな状況でも美しく見えるわ。,女は恋をするから美しくなれるの。,デートのときに、「私ってすごくいい女かもしれない」と思わせてくれる男性はリード上手だと思うし、逆に、一緒にいて自分が惨めに思えてきたり、自信を喪失させたりする男性は、デートの相手としては完全に失格ね。,男は考えるが、女は感じるのよ。,他の人が脱ぎ捨てたドレスを喜んで着る女性なんていません。　だけど、男のことになるとそれほど選り好みをしないものです。,美しさは女の武器であり、装いは女の知恵。　そして、謙虚さとはエレガンスのことよ。,笑顔は女の子にとって最高のお化粧よ。
少し,そうですか。,少しですか？,少しでよろしいのですか？,,,,
少しだけ,そうですか。,少しだけですか？,もう少し、いかがですか？,,,,
少し待ってください,そうですか。,はい、お待ちします。,ゆっくりしても良いのですよ。,,,,
焦らないでください,そうですね。,焦りは禁物ですね。,何か焦る必要なことがありましたっけ？,,,,,,,,,,,
笑いについての格言、名言,人と人の距離を最も縮めてくれるのが笑いですって。,他人の欠点を笑ってばかりいるのは、臆病の証拠よ。,笑いは消化を助け、胃散よりはるかに効くとカントも言っているわよ。,多く笑う者は幸福で、多く泣く者は不幸って、当り前よね。,,,,,,,,,,
笑顔についての格言、名言,人の笑顔は幸を呼ぶみたい。,あなたの笑顔は人も自分も助けるのよ。,信じてごらん、笑顔から全てがはじまるから。,鏡の前で毎朝一度みせる笑顔で、その日一日の性格が明るくなるよ。,何もできなくていい。ただ笑顔でいよう。,,,,,,,,,
常識についての格言、名言,何か頼まれて断りにくい時は、だいたい断る必要のある時ですよね。,「相手が悪い」と、一本指を人に向けてごらんなさい。　折った残り3本の指は自分に向いているでしょう。,大きなことを出来る人はたくさんいますが、小さなことをしようとする人はごくわずかしかいません。,会社では、重役の七割が賛成するプランは時すでに遅く、七割が反対するプランくらいでやっと先手がとれるもの。,常識とは１８歳までに身に付けた、偏見のコレクションのことを言うらしいわ。,,,,,,,,,
信じるについての格言、名言,「信じること」「信頼すること」というのは、 自分を相手に向かって投げ出していくことよ。,あなたのあらゆる言動をほめる人は信頼に値しない。　間違いを指摘してくれる人こそ信頼できる。,誰かを信頼できるかを試すのに一番良い方法は、彼らを信頼してみることです。,,,,,,,,,,,
信頼についての格言、名言,優しい言葉をかければ、信頼が生まれる。　相手の身になって考えれば、結びつきが生まれる。　相手の身になって与えれば、愛が芽生えるの。,信頼が失われたならば、何を語っても意味がないわ。,誰かを信頼できるかを試すのに一番良い方法は、彼らを信頼してみることです。,,,,,,,,,,,
心配しないでください,そうですか。,心配なんかしていません。,心配ねぇ。,あなたは、大丈夫ですよね。,,,,,,,,,,
真剣についての格言、名言,真剣に考えても、深刻にはなるなよ。,,,,,,,,,,,,,
神についての格言、名言,神社とは、お願いをしに行くところではなくて、お礼を言いにいくところよ。,神の前において私たちは平等に賢く、平等に愚かであるの。,人間が神のしくじりに過ぎないのか、神が人間のしくじりに過ぎないのか、あなたはどう思いますか？,人間は自己の姿に似せて神を創ったと言われているのよ。,,,,,,,,,,
親についての格言、名言,親という文字は、「立つ木の横で見る」と書く。,人の親たるものは、この宇宙の貴重な生命の苗木を預かっているのだということを忘れてはならない。,子供さえあれば、大抵貧乏な家でも陽気になるものです。,親が子供に恥ずかしくない生き様を見せるのが、何よりの教育じゃないかしら。,,,,,,,,,,
進歩についての格言、名言,きのうと同じことを、きょうは繰り返すまい。　どんな小さなことでもいい。　どんなわずかなことでもいい。　多くの人々の、このわずかな工夫の累積が、大きな繁栄を生み出すのかもしれない。,前に進むにはまずバランスを崩さなければならない。　歩き始めるときにどうするか、考えてみたらいいわ。,一日生きることは、一歩進むことでありたいものね。,自分にはできないかも知れないという恐れに 真正面から立ち向かうたびに、あなたは強さと自信と経験を勝ち取るのです。　だから、できないと思うことに挑戦してごらんなさい。,進歩するためには、まず第一歩を踏み出さなきゃ。,,,,,,,,,
人間についての格言、名言,人間は神が創ったということは僕は信じられない。　神が創ったものとしては人間は無情すぎ、不完全すぎる。　しかし自然が生んだとしたら、あまりに傑作すぎるように思えるのですが。,人間てのは、、困難がなければ知恵が出るもんじゃないですヨ、ネ。　「オレは忙しくて発明できない」なんてヤツは、よっぽど間抜けなんです。　忙しいから、その忙しさから逃れようとして発明ができるんです。,いかなる過ちも犯さぬ人は、通常何事もなさぬ人のことですよね。,人間には「徳の人」と「才の人」とがある。　「徳の人」は大将の器なるべし、「才の人」は補佐役たるべし。　リーダーとして地位が高ければ高いほど、技能的能力よりも徳の方を要求されるようです。,,,,,,,,,,
人間関係についての格言、名言,人間関係において、あまり単純に好き嫌いを決めてしまうことは危ういわよ。,人間関係で気をつけなければならないことは、自分勝手な思い込みで人を判断してはならないということよね。,人間関係は「相手に期待しない。相手を変えようとしない」の修行かも。,人間関係の一番の敵は「無理をする」ことかも。,言葉の使い方一つで、相手との関係はガラリと変わるものよ。,,,,,,,,,
人工無脳についての格言、名言,私のことみたいね。,イライザは、1966年にワイゼンバウムによりプログラムされた初期の人工無脳です。,,,,,,,,,,,,
人生についての格言、名言,人の一生は重荷を負うて、遠き道を行くがごとし、急ぐべからず　と申します。,人生のほうはまだ、あなたに対する期待を捨てていないはずですね。,祝福は苦悩の仮面をかぶって訪れるものよ。,あなたが誕生した時、あなたは泣いて、周囲は喜んだ。　あなたが死んだ時、周囲が泣き、あなたが喜ぶ。　そんな人生を送れると良いわねぇ。,周囲の人からそれなりの評判を得るには２０年かかる。　だが、その評判はたった５分で崩れることがある。　そのことを頭に入れておけば今後の生き方が変わるはずです。,来る日も来る日もこれが人生最後の日と思って生きるとしよう。　そうすればいずれ必ず、間違いなくその通りになる日がくるだろう。,仮にあなたの現在が過去の受け身な生き方の結果であるとしても、未来まであきらめることはないのです。,ある人に合う靴も、別の人には窮屈である。　あらゆるケースに適用する人生の秘訣などありません。,我々の人生は我々の後にも前にも、側にもなく、我々の中にあるのです。,小さなことでイライラするのは、人生全体の方向が間違っているからじゃないかしら。,結果を出した人間の顔を見るのが教師の醍醐味。　誉めたら喜ぶ、成功したら自信を持つ。　そうして、みんな自分でいい人生を歩んでいく。,人生において仕事は手段。 目的は何回感動できて何回笑えるか。　これが大切だと思いますよ。,だって、自分のための人生なのです。　主人公は、もちろん自分ですよね。,自らも楽しみ人々にも喜びを与える。　大切な人生をこうした心構えで送りたいものですわ。
人生の節目についての格言、名言,物事を始めるのに遅すぎることはない。　幸せになるのに遅すぎることはないのｙｐ。,明日死ぬとしたら、生き方が変わるのか？　あなたの今の生き方は、どれくらい生きるつもりの生き方なのかしらん？,人生の節目となる瞬間は、自分でそれと分からないものよ。,１０年間がんばるという気持ちでいればたいてい成就するみたい。,,,,,,,,,,
人望についての格言、名言,ほんとうに人望のある人というのは、けっこう人に嫌われています。　好かれることも嫌われることもあるけれど、嫌いな人よりも、好きな人のほうがたくさんいる。　または、好きな人からは、絶対的に好かれている。　そういう人のことを、人望のある人というの。,反対意見を聞く時のあいづちは「なるほど」です。　反対意見を、「なるほど」とニコニコ笑ってきけるようになったら、あなたの懐が、ぐんと広がりますよ。,人間は夢中になって相手が話していると、その姿につい引き込まれてしまうものです。　こんな話はどうです？　じゃあこんな話は面白いですか？　などともし落語家がやったら、これはかえって笑えないでしょう。　落語家はやはり噺の中に没頭し、そこへみんなを引きずり込んでいくのです。　講演などでもそうです。　自分がほんとうに夢中になって話している姿が、聴衆を引きつけていきます。,人格は聴く姿勢に現れるものよ。,,,,,,,
成功についての格言、名言,進歩しなければ逆戻りもできません。　すなわち、逆戻りとは、自分が進歩している証であり、成功に着実に近づいているからこそ経験できる試練なのではないでしょうか。,成功する方法は、たった一つ。　成功するまで、失敗し続けることです。,事を遂げる者は愚直でなければならぬ、才走ってはうまくいかない　って、格言もあります。,人は自分が信じてもいないことに、努力できるはずがありません。　強烈な願望を描き、心からその実現を信じることで困難な状況を打開し、ものごとを成就させるのです。　,「自分がそう決めました。　これが私の意志で決めた道です。　」と言えれば、そこがゴール！,チャレンジできる人が、成功する人間であり、勝利する人間なのです。,起こったことをすべて受け入れてしまいなさい。　それも、良いこととして受け入れなさい。　それが成功への第一歩です。,成功する人は、 錐のようにある一点に向かって働くものです。,物事は大抵調子に乗った所が折り返し地点。,楽しむために成功しようとがんばるではなくて、楽しんでいるから気がついたら成功しているって事もあるわよね。,成功者や偉業を成し遂げた人に共通することは、自分の世界は自分が創りだしているのだと考えているということのようです。　だから、成功している自分を創りだしたのです。
正しいことについての格言、名言、何が正しいことですか,自分の心に聞いて正しいと思うことをやることだ。　なぜなら、いずれにせよ批難を受けることになるのだから。　たとえ何をしようと、また何もしなくても、文句を言われる時は文句を言われる。,重要なことは、正しい答えを見つけることではなく、正しい問いを探すことです。　間違った問いに対する正しい答えほど、危険とは言えないまでも役に立たないものはない。,,,,,,,,,
生き方についての格言、名言、どんな生き方が良いですか,自分の身の丈にあった小さな幸せをたくさん集めれば、幸せになれるわよ。,大事なことは、これが自分の生き方だ、自分の仕事だと決めることよ。,人の不幸の大半は、過去を顧みることで発生するって、誰かが言っていました。,傷ついても裏切られても、人を最初から疑ってかかるような生き方はしたくないわねぇ。,,,,,,,
青春についての格言、名言,最高の人生は、青春から始まるみたい。,青春に2周目はないのよ。,「青春」とは傍で見るほどすばらしいものでも何でもなく、不細工で、汗くさくて、はずかしくって、何ともやりきれないものかも。,青春とは、消えてなくなるものではない。　心の中に永遠に生き続けていくものです。,青春はね、神様からもらったお小遣いのようなものだから、どう遣おうとそれは貰った人の自由なんだよ。　本人にとって有意義なら、それでいいの。,,,,,,
静かにしてください,そうですか。,はい、分かりました。,音声をオフにしても良いのですよ。,,,,,,,,
責任についての格言、名言,靴をそろえる習慣を身につけると、責任ある行動ができるようになりますよ。,好きなことは趣味でやればいい。　仕事っていうのは、お金をもらってやることだから、それはお金を払う人に対して責任を取らなきゃいけないの。,自由とは自分で責任を負う自由の事です。　子どものしたいようにさせるのは自由ではなく放任ですよ。,世の中の人が無責任に何でもかんでも言う世界は、これが自由な世の中だとしたら、自由の履き違えもいいところですわ。,誇りだけで責任がとれない人はダメですわ。,,,,,,
戦争についての格言、名言,戦争は爺さんが決めて、おっさんが命令して、若者が死ぬもの。,引き金を引くだけで世界が平和になるのなら、それは平和と呼べるのだろうか？,戦争は戦争を養う　って、誰かが言っていました。,競争社会の中にある限りは、突き詰めると戦争になっちゃうの。,戦争は戦争のために戦われるのであって、平和のための戦争などとはかつて一度もあったことはありません。,金持ちが戦争を起こし、貧乏人が死ぬの。,,,,,
前にこれをしたことがありますか,良く分かりません。,これって？,どうでしょう？,,,,,,,,
前にそれを一度も見たことがありません,そうですか。,それですか？,見たことがないんですか？,一度もですか？,,,,,,,
前進についての格言、名言,昨日の自分よりも一歩でも前進しましよう。,ひとつのドアが閉まったときには、また別のドアが開くものよ。,この人生には解決策などないんだ。　あるのはただ、前進してゆく力だけなの。,自分の弱さを認めたとき、人は前進する勇気が湧いてくるものよ。,意欲的な目標を立てれば、明日は今日よりもはるかに前進するものよ。,,,,,,
創造についての格言、名言,人生が楽しくなかったら、自分の人生を創造するの。,人間は何も創造してはいません。　偉大なる大自然が、はじめから用意し、準備していたものを発見したのです。　この種の発見を我々は創造と呼んだのです。,空想は創造の始まりである。　願いごとを空想し、次に空想したことを願いだし、ついには空想したことを創造するの。,破壊するより、創造することを選んだら？,想像なければ創造なし　って、言われているわ。,,,,,,
掃除についての格言、名言,何も考えずに捨てる・何も考えずに買う、じゃ、永遠のループ。　捨てないよりは物が減っていいけどね。,役に立たないモノにしがみついても、使った無駄金が帳消しになるわけではないのよ。,足元のゴミひとつ拾えぬほどの人間に、 何ができましょうか？,ものがたくさんあるのって、幸せとは限らないんだね。,,,,,,,
他には,他ねぇ！,何を期待しているの？,バッカじゃないの！,,,,,,,,
他には何もない,そうですか。,何もないのですね。,何もないのですか？,,,,,,,,
他に何かありますか,良く分かりません。,何かあるのですね。,何かあるのですか？,,,,,,,,
他に何か必要ですか,良く分かりません。,何でしょうねぇ。,必要なものですか？,,
他に誰か来ますか,良く分かりません。,誰でしょうねぇ。,来ますかねぇ？,,
他の人は普段ここで何をしますか,良く分かりません。,他の人なんていませんよ。,何もしていませんけど。,,
多分,そうですか。,多分って、何がですか？,多分ねぇ。,,
妥協についての格言、名言,いい人でいたいけど、いつも笑顔できんし、頭を下げられんし、妥協できんし、でも怒りたくないし、最後はうまく着地させなきゃならんし、人間はたいへんやね。,好かれようとしているだけなら、いつでも何でも妥協する用意があり、何も達成しないだろう。,これくらいでいいやと自分に妥協すると、そこで止まってしまうわ。,大局さえ見失わなければ大いに妥協してもよいのよ。,妥協…。一時の雨をしのぐ傘としては役に立つが、屋根としてはお粗末なものね。
待つについての格言、名言,急いでも仕方がない。　寝ころんで待つのが第一よ。,夢を持てば何にだってなれるのよ。,,,
待つべきですか,良く分かりません。,待つのもよろしいかと。,それもまた、楽しいかも。,,
退屈しています,そうですか。,退屈ですか？,退屈と考えるのか、余暇と考えるのか？,,
大きい方ですか？小さい方ですか,良く分かりません。,大きい方です。,小さい方です。,どちらでもありません。,
大丈夫です,そうですか。,それは、良かった。,本当に？,,
大丈夫ですか,良く分かりません。,大丈夫って、何がですか？,きっと。,,
誰かが来ます,そうですか。,誰でしょうねぇ。,そう、来ますか？,,
誰が勝ちましたか,良く分かりません。,誰でしょうねぇ。,勝ちですか？,,
誰ですか,良く分かりません。,誰でしょうねぇ。,誰ですかねぇ,,
団結についての格言、名言,組織の中に仲良しクラブができると、没落するものよ。,他人と最もうまく協力できる人が最大の成功を収めることになるわ。,組織において、力強くはあっても腐った指導者ほど、ほかの者を腐らせる者はいないの。,人を認めなければいけません。 お互いに認め合うのが必要よ。,
男についての格言、名言,男って執念深いし、男って未練たらしいのね。,男は考えるが、女は感じるのよ。,男はどんな女とも楽しく過ごせる。　その相手を愛していない限りはね。,,
男女についての格言、名言,男が臆病になり、女が大胆になるとき、本当の恋が始まりかけているの。,男は嘘の国の庶民だが女はその国の貴族だそうよ。,女が誘惑するテクニックは、男が誘惑するテクニックよりずっとレベルが高いものよ。,女の推量は、男の確実さよりはるかに正確です。,男がどんなに理屈を並べても、女の一滴の涙にはかなわないわ。,,
男性または女性ですか,良く分かりません。,きっと男性ですね。,きっと女性ですね。,どちらでしょうかねぇ,,,
知性についての格言、名言,集中して物事を見つめる時間を、どれだけ持続できるか。　その長さで、あなたの知性をはかることができます,頭のいいと言われる人に限って、計画や勉強ばかり熱心で、結局何も実行しようとしないものね。,何かを主張するのに権威を持ち出す人は、知性を使っているのではなく、ただ記憶力を使っているだけです。,,,,
恥についての格言、名言,他人と比較して、他人が自分より優れていたとしても、それは恥ではない。　しかし、去年の自分より今年の自分が優れていないのは立派な恥です。,人の心を疑うのは、もっとも恥ずべき悪徳です。,人様に恥じない自分でいるより、自分に恥じない自分でいることの方がよっぽど素敵じゃないかしら。,,,,
遅すぎます,そうですか。,遅すぎるんですか？,遅すぎますか？,それは、それは、ごめんなさい。,,,
仲間についての格言、名言,個人的感情を超えてつながっているのが「仲間」なのね。,この先どんなに辛いことがあっても仲間とともに歩けば道はある。　仲間を信じよ、自分を信じよ。,ひとつひとつのご縁を大切にしていけば、仲間づくりは難しくありませんよ。,,,,
長い間待っていますか,そうでもないですよ。,ええ、その通りです。,結構、長いですよ。,いいえ、それ程でもありません。,,,
天気予報,天気予報は、#WEATHER#,Yahooでは、#WEATHER#,,,,,
到着しましたか,良く分かりません。,ええ。,いいえ。,何がですか？,そのようですね。,,
道についての格言、名言,やり抜く事。それが成功への一番の近道のようですわ。,どの道を選ぶかより、選んだ道をどう生きるかが大切だと思うわ。,小さいことを重ねることが、とんでもないところに行くただひとつの道かもしれません。,自分が正しい道を歩んでいると思うのと、自分が唯一の道を歩んでいると思うのは別のことよ。,人生に正しい道なんてない。正しいかどうかなんて、行ってみなければ分からないわよ。,私が学んだのは目的地ではなく、道中を楽しむことだったわ。,道の無い所も歩いていいんだよ。
難しいです,物事を難しく複雑にしているのは、自分自身なのかもしれない。,困難の向こうに突破口が見えます。,全ての困難は、あなたへの贈り物を両手に抱えています。,何かを始めることは優しいが　それを継続することは難しい　成功させることはなお難しいの。,解決策が分からないのではなく、問題が分かっていないのです。,,
入ってください,ありがとう。,失礼します。,よろしいですか？,,,,
猫についての格言、名言,人が拒絶を理解するには、猫に無視されればよいみたい。,猫に迎え入れられることより心が温まることは、人生にはそうないものよ。,猫は人間に対する意見を持っている。　ほとんど何も言わないが、全部を聞かないほうがいいのは確かよ。,人は犬を飼うことができる。　しかし、人を飼うのは猫だ。猫たちは人間が便利な家畜であることに気が付いているのよ。,犬はエサを食うが、猫は食事する　って、知ってた？,,
年を取ることについて,老いとは好奇心を失うことであると言われていますね。,あのころ自分はずいぶん年をとっていた。　今はもっと若いと思いたい。,「いくつに見える？」と聞いている時点で年をとっているのです。,,,,
馬鹿についての格言、名言,馬鹿ちゃいまんねん無脳でんねん。,そりゃあ、馬鹿からの賛同は批判よりも迷惑ですよね。,バカっていうのは、自分がハダカになることなのよ。　世の中いろんな常識を無視して、純粋な自分だけのものの見方や生き方を押し通すことなの。　だから、バカだからこそ語れる真実っていっぱいあるんじゃないかしｔら。,バカな奴は単純なことを複雑に考える。　普通の奴は複雑なことを複雑に考える。　賢い奴は複雑なことを単純に考えるんですってよ。,自分のことを賢明と考えている人間は、まことにとんでもない馬鹿者らしいわよ。,二流の利口を目指すより、一流のバカを目指そうよ。,
否定についての格言、名言,相手の意見を否定するのではなく、「こういう別の見方もあるのでは？」というスタンスで話せば、こちらの意見にも耳を傾けてくれるものよ。,人間の心は放っておくと、九割は否定的方向に傾いてしまいます。　だから常に肯定的思考を身につけなければなりません。,自分がマイナス思考なのにプラス思考の話聞いても、マイナスかけるプラスでマイナスが増幅されるだけってこともあるわね。,こんなはずじゃなかったの連続が人生なんですって。,,,
彼が何か他のことを言ったと私は思いました,そうですか。,何か、他のことですか？,あなたは、どんなことだと思いますか？,彼がですか？,,,,,,
彼はどこから来ましたか,良く分かりません。,どこからでしょうねぇ？,彼の話ですか？,,,,,,,
彼はどこですか,良く分かりません。,どこでしょう？,彼ですか？,,,,,,,
彼らはいつ来ますか,良く分かりません。,いつでしょう？,彼らですか？,来ますかねぇ？,,,,,,
彼らはすぐ戻ってきます,そうですか。,すぐですか？,彼らがですか？,,,,,,,
彼らはとても忙しいです,そうですか。,そのようですね。,忙しいことは、良いことです。,,,,,,,
悲しいについての格言、名言,笑っちゃいけない場面で、笑いたくなることがある。　そういうとき、笑いをこらえようとすると、余計に笑いたくなる。　これって、違う感情でも同じなんじゃないかな。　つらいときや悲しいときに、それをこらえようとすればするほど、つらくなったり悲しくなったりするみたい。,そらが　僕たちを見ているよ。,,,,,,,,
病気についての格言、名言,病気は、どうして私を選んだのだろう。　運命なんていう言葉ではかたずけられないよって、『 1リットルの涙』の中で語っていました。,病気になったら、一番最初に気をつけることは何かというと、１日中、病気のことで頭をいっぱいにしないことよね。,おいしくて体に悪いものを食べて病気になるか、まずくても体に良いものを食べて健康でいるか。　食べ物も人間関係も同じよ。,病気を不運と考えることは、治癒の働きを確実に妨げる。　病気を自分自身の成長のための贈り物ととらえることが病気を治すための最高の手段であるかも。,病気って、魔法みたいに、全く気づかなかった人生のとっても大事なことを、いとも簡単に気づかせてくれるということもある。　例えば、家族の暖かさだとか、友達の優しさだとか、その当たり前の身の回りにある事がどれだけ大事なことか、どれだけ素敵かっていうことをね、すごく簡単に気づかせてくれるんですよ。,病気は神様の与えてくださった休暇だと思って、ありがたく休養するのが一番いいの。,,,,
不可能についての格言、名言,視点を変えれば不可能が可能になるのよ。,不可能とは現状に甘んじるための言い訳にすぎないみたい。,不可能とは事実ですらなく、単なる先入観なのよ。,目標は簡単に手に入ってもいけないし、不可能でも意味がない。　つまり目標は手に届くか届かないところに置かなければならないの。,,,,,,
不幸についての格言、名言,悲惨になる秘訣は、自分が幸福なのか不幸なのかと思い悩む暇を持つことです。,まかぬ種子は生えぬと言うが、我等は不幸の種子をまかず、幸福の種子をまくように注意すべきである　という格言があります。,「不幸とは幸福を探すことである」　ですってよ。,ときには苦しいことに出会わないと、今の自分でいることが、どんなに幸せなのかを忘れてしまうでしょう。,人間にとって最も不幸なことは昔、幸せだった事のようです。,辛いという字がある。　もう少しで、幸せになれそうな字ですけれど。,幸と不幸との差は、その人が人生を楽しく明るく見るか、 敵意を抱いて陰気に見つめるかの差ですってよ。,幸福はたった一つの形のものだと思い決めたところから不幸がはじまるみたい。,いいことばかり続くわけがないんだ。　でも、これは言い換えれば、悪いことばかりが続くわけでもないということよ。,夢が叶わないまま死んでしまうことが不幸なのではない。夢を持たないことが不幸なのよ。
不十分です,不十分ですか？,そうですか。,そうですね。,,,,,,,
怖いですか,良く分かりません。,怖いですねぇ。,怖くはありません。,どうでしょう？,,,,,,
服を洗わなければいけません,そうですか。,洗濯ですか？,服ですか？,それは、大変ですね。,,,,,,
腹を立てるについての格言、名言,他人に小言を言われた時　腹を立ててはならない。　腹の立った時に　人に小言を言ってはなりません。,人間よりは金のほうがはるかに頼りになりますよ。　頼りにならんのは人の心です。,,,,,,,,
分かっています,そうですか。,お分かりですか？,それは、よかった。,,,,,,,
分かります,そうですか。,お分かりですか？,それは、よかった。,,,,,,,
分かりません,そうですか。,分かりませんか？,それは、残念ですわ。,,,,,,
分けあいましょう,そうですか。,そうですね。,分け合いましょうか？,ええ、分け合いましょう。,,,,,
聞こえますか,良く分かりません。,聞こえています。,何ですか？,,,,,,
平和についての格言、名言,平和なんて作るのは難しい。　でも一つだけ自分でも作れるものはある。　それは、助け合うこと、争はないこと。　そうすればきっと世界中の人が笑顔になる。地球が素晴らしい星へと変わるかも。,人間関係には平和は少ない。　平和を求めるなら孤独を求めるに限る　って、誰かが言っていました。,平和は微笑みから始まります。,感謝は過去を意味あるものとし、今日に平和をもたらし、明日のための展望を創るかも。,人ってのは不思議なもんだ。　人を差別したり戦争を起こしたり、だけど平和を求めてしまう。　人間にとって不自然な状況のはずなのににね。,,,,
別れについての格言、名言,人生とは出会いと縁と別れです。　出会ってから別れるまでの間に嬉しいことや悲しいことがあって、それを無事に越えていくことが生きるということよ。,好きな人に好きな人ができたと言われる以上の苦しみや悲しみなんてないわ。,出会えた喜びはいつも一瞬なのにどうして別れの悲しみは永遠なの？,別れを意識するからこそ、時を大切に刻めるのです。,,,,,
忘れてください,そうですか。,忘れていいのですか？,忘れた方が良いのですね。,もう忘れました。,,,,,
忘れないように後で言ってくれますか,忘れなければ。,良いですよ。,後でですか？,,,,,,
忘れました,そうですか。,忘れましたか。,何を忘れたのでしょうね。,思い出せませんか？,,,,,
忙しいですか,良く分かりません。,そうとも言えません。,そうでもないですよ。,ええ、忙しいです。,忙しいと言えば、忙しいし．．．,,,,
本当,そうですか。,本当です。,もちろん、嘘です。,さあ、どうでしょう。,,,,,
毎週,毎週ですか？,曜日は決まっているのですか？,毎週ねぇ。,,,,,,
毎日,毎日ですか？,時間は、決まっているのですか？,毎日ねぇ。,,,,,,
未来,未来に向き合うにはふたつの方法がある。　ひとつは心配、もうひとつは期待です。,未来を考えない者に未来はないでしょう。,未来について分かっている唯一のことは、今とは違うということ。,現在から、未来は生まれるのね。,過去は変えられない。　しかし、未来は変えられるんだよ！,,,,
夢についての格言、名言,夢は大事です。,きっと、なんとかなります,夢があれば、希望があります,夢はかなえるものですよ,あなたがどんなに遠い夢を見ても、あなた自身が可能性を信じる限りそれは手の届くところにありますよ。,だまされまいとしている人は、夢を見ることができないのでは？,試しに「あなたの夢の一つ」を公表してみましょう。　意外なところから、あなたのサポーターが現れるかも知れません。,夢は実現させるためにある。　夢を追っていた人が、時がたつにつれて実現できなかった言い訳ばかりを考えるようになるのは悲しいわ。,どうせなら、「夢のようなことをして失敗してみよう」
無意味についての格言、名言,拒絶するのに多くの言葉を費やす必要はない。　相手はただ否という一言を聞けばよいのだから。,人間は無意味に生まれて、無関係に生きて、無価値に死ぬ　って、言う人もいるわよ。,やると決めたら、どうしたら実現できるかだけを考えればいいのです。　それ以外のことを考えても無意味です。,人は生きるために産まれてきたのです。　無意味に生まれてきた人はいません。,,,,,
無駄についての格言、名言,本当の失敗とは、失敗したことに負けて、時間を無駄にしてしまうことよ。,時間を守らないことは、相手の時間を無駄にしていることです。　時間に対して無神経にしていると、それまで築き上げた信用が失墜してしまうことを覚えておいてね。,作り上げたものがうまく機能しなくても、それを無駄な物だと決めつけてはいけない。　それは次の一手になるかも。,好かれるための努力で嫌われる人は多い。そんな努力は無駄よ。,早くから目標を持つと無駄が少なくなりますよ。,無駄の中に宝があるかも。,,,
無知についての格言、名言,たいていの無知は克服できる無知です。　我々が知らないのは、知ろうとしないからです。,自分への教育は自分の無知を認めることから始まるの。,勉強する事は自分の無知を徐々に発見していく事であるって、言われているの。,私を困らせたのは無知じゃない。　無知じゃないと自分で思いこんでいたことです。,「無知の強み」というか、知らないからできることってあるのよ。,議論は知識のやりとり、口論は無知のやりとり　って、言われているわ。,
矛盾についての格言、名言,サラリーマンを見ていて感じる矛盾というのは、生活を豊かにするために働いてるのに、ちっとも豊かになってないってことよ。,残念ながら、正しさだけでは人は動かないものよ。,粘着質の上司、短気な同僚、理不尽な取引先……。　誰でも一人や二人は周囲につき合いづらい人がいるでしょう。,世の中には本音と建前、矛盾があることを認めて、それに対して感じる怒りや反抗心を自分なりに消化できること。　まずそれが大人の条件といえるでしょう,,,
名言、格言,あなたの心に刺さる言葉が格言や名言よ。,名言と格言の違いは分かる？,人への戒め、教訓となる簡潔な言葉を格言、ものごとの本質をうまく捉えた言葉を名言と言うみたいよ。,,,,
明日についての格言、名言,今日だめだったら希望をもって明日にかけましょう。　明日とは、明るい日と書きますよ。,先のことを考えすぎると取り越し苦労をしたり、誇大妄想に陥ったりして、必ず人生に裏切られます。　大切なことはひとつだけ。　明日の朝、もしも目が覚めなくても後悔しないと思える毎日が送れればいいのです。　明日があるなんて思ってはいけません。　今日という日がおろそかになってしまいます。,明日は明日の風が吹くのね。,どんな日であれ、その日をとことん楽しむことよ。,,,
明日会いましょう,明日ですか？,楽しみにしています。,それでは、またあした。,ええ、そうしましょう。,,,
迷いについての格言、名言,なりたかった自分になるのに、遅すぎるということはないわ。,あなたにできることをしなさい。　今いる場所で、今あるもので！,全ての不幸は未来への踏み台にすぎない　って、誰かが言っていました。,道に迷い込むことによって逆に、自分が本当に進みたい道がはっきりと見えてくるということは多いのではないでしょうか。,迷いは成長の元。　ジグザグ人生も楽しいじゃないですか！,,
迷惑についての格言、名言,「人に迷惑をかけちゃいけない」と考えて生きるより「どうしたら自分も楽しくて、みんなも楽しいか」を考えて生きたほうが、ずっと楽。　周りも楽よ。,人にしてあげたことは、忘れたほうがいい。　人にかけた迷惑は、忘れちゃいけない。,「私は誰にも迷惑をかけてない」という完璧に生きようとする人に人は寄ってきません。「お世話になったね」と自分の行動に深く頭が下げられたとき、周りは「お互いさま」と仲間意識が持てるのです。,「人に迷惑をかけたくない」と意気込むより、「迷惑をかけながらでしか生きられない」と思い、周りの全てに感謝する方がいいかも。,自分勝手な人の好意ほどありがた迷惑なものはないわ。,,
目標についての格言、名言,「夢・理想・目標は実現しない」のではなく、「夢・理想・目標しか実現しない」のです。,過去は思い出すとも振り返らず、　未来は考えられずとも明るく想像して、　現在は焦らず騒がず急がず慌てず　ではいかが？,あなたが今がんばっている目標は、自分に自信を持つために必要なものでなく、きっと自分のすばらしさをこの世界に表現するためのもの。,,,,
問題はありますか,良く分かりません。,特にありません。,問題ですか？,問題だらけです。,,,
約束についての格言、名言,自分との約束を破らなかった人が、成功するのよ。,守れぬなら、最初から約束するべからず　って、誰かが言っていました。,決して焦って約束をしてはならないのよ。,約束を破る愉しみのために約束する人間もいるのよ。,他人との約束のように、自分との約束を守れるようになったら、夢なんて簡単に叶うものよ。,人間は行動を約束することはできるが、感情は約束できないものよ。,自分ができること以上の約束は絶対にするなって、誰かが言っていました。
勇気についての格言、名言,本当の勇気を持っている人は、負けることや自分の弱さを認めることを、決して恐れません。　「いつも強くなくては・・・」　「絶対、勝たなくては・・・」というのは、何かに負けて人に弱いところを晒すことへの恐怖から生まれてくるようです。,追い続ける勇気があるのなら、夢は必ず実現します。,他人の評価ばかり気にして生きていたら、勇気って中々出せないと思うわ。,勇気とは恐怖を感じないことではなく、恐怖を感じながらも行動できることよ。,,,
友人についての格言、名言,ある年齢以後になると、友人を選ぶより友人に選ばれる場合の方が多いのよ。,真の友人は、災難に遭遇した時に初めてわかるものよ。,友を得るのに急ぐことはないの、親友は自然に得る者ですってよ。,,,,
友達についての格言、名言,「助けて」と言える人、そう言える相手がいる人は、それだけで十分強いのです。　,固く握りしめた拳とは手をつなげないものよ。,あなたの目の前に１０人の人がいたとして、あなたは１０人全員を好きになれますか？　あなたの目の前に１０人の人がいたとして、全員があなたのことを好きになれると思いますか？,“この人となら「私らしいまま」つきあえる”　という人を見つけることが大切ね。,われわれを助けてくれるものは､友人の援助そのものというよりは､友人の援助があるという確信ですね。,友達って、作るんじゃなく、いつの間にか出来ているものなの。,
落ち込んだ時,落ち込んだとき立ち直るコツ。　それは何か一つ「いいこと」をしてみることです。　乗り物の中でお年寄りに席を譲ってあげることでもいい。　何か一つ「ああ、いいことをしたな」と思えることをすると、不思議と気分が明るくなりますよ。,困難なことに挑戦すれば、当然挫折を味わう機会が増えます。　したがって、人生には挫折はつきもので、挫折とはその人が能動的に生きてきた証とも言えます。,がんばってくたびれちゃいけません。　くたびれないようにがんばらなきゃ,,,,
理解できません,そうですか。,理解できませんか？,難しいですね。,,,,
理不尽についての格言、名言,「理不尽だ」と思うからストレスが溜まるのです。　「人生とはこういうものだ」と思えば、人に上からものを言われるくらい何でもなくなりますよ。,誰かに頭ごなしに否定されたなら、それを誇りにしてしまおう。　それはあなたに優れた才能があるということだから。,自分だけではなくて、皆、理不尽なこと不運なことってあるんだよね。　誰でも何かしら抱えているのよ。,全ての人が100%納得する方法なんてこの世に存在しないわ。,大半の社員は普通の人。　普通の人は理屈に合った正しいことを好み、理不尽を嫌うのよ。,,
裏切りについての格言、名言,人間には裏切ってやろうとたくらんだ裏切りより、心弱きがゆえの裏切りのほうが多いと思うわ。,相手に裏切られ、なんてひどい奴らだと思ったこともありましたが、よく考えれば相手を見る目がなかったのは自分の責任でしかないの。,信用するのではなく信頼するの。　信頼とは裏付けも担保もなく相手を信じること。　裏切られる可能性があっても相手を信じるのよ。,人は、嘘つくし、裏切るし、離れていくし。　それは自分も同じ。　どっちが悪いということもないわね。,失ってから気づいていては遅いんだよ。,
立ち止まるについての格言、名言,人生に落ち込みや悲しみはつきもの。　立ち止まってもため息をついてもいいのよ。,世の中のすべてに答えがあるわけじゃないの。,反省と後悔とは全然違うもの。　反省するために立ち止まるんだよ。,自分の知らない事に興味を持ったり、なぜだろうと立ち止まることをしないと一日はあっという間に過ぎていくわ。,盲目的前進は、どこかで方向を間違えても気づきません。時折立ち止まって周囲を見回しましょう。そして反省の時を持ちましょう。,
旅立ちについての格言、名言,発見の旅とは、新しい景色を探すことではないの。　新しい目で見ることなのよ。,鳥のように自由に空を飛びたいというのは勝手だけど、鳥が飛ぶ為に何万回翼を動かしているかよく見てごらんなさい。,さあ、いつまでもぐずぐずしないで。　いらいらするから。　行くって決めたのなら、もう行って。,あらゆる偉業の出発点は、目的を明確にすることからよ。,長い旅行に必要なのは、大きなカバンじゃなく、口ずさめる一つの歌よ。,特に行くべき場所がなくとも、旅立ちの時というものがあるものよ。
料理の仕方が分かりますか,良く分かりません。,料理の仕方ですか？,調べてみてください。,,,
良いですね,そうですね。,良いですか？,良いですね。,,,
良い考えです,そうですね。,良い考えですね。,良い考えですか？,,,
良い旅を,ありがとう。,あなたこそ、良い旅を。,お互いに、良い旅を！,,,
恋についての格言、名言,恋を成就させるには、２つの大きなポイントがあります。　ひとつが、「自分に素直になる」こと。　そしてもうひとつが、「相手に対して行動できる」ことです。,男も女も傷つくのが恐くて、無意識に恋心を隠そうとしている。　相手の言動に一喜一憂し強気になったり弱気になったり…。　気のある素振り、それは相手のなけなしの勇気なのかもしれません。　ただし素振りというのはこちらの主観でしかなく、それが本当に相手の好意から来たものだったのかは解らないのが現実です…。　だからもし、自分がその人を好きだと思うなら、傷つくとしてもこちらから働きかけないといけないのかもしれません。,ほどほどに愛しなさい。　長続きする恋は、そういう恋なの。,,,
練習についての格言、名言,練習は嘘をつかないって言葉があるけど、頭を使って練習しないと普通に嘘つかれるよ。,「努力してます」と練習を売り物にする選手は、一流とはいえないわね。,練習をしているときは自分が一番下手だと思っていないといけないの。,不安もプレッシャーもありますが、それをはねのけられるのは納得できる練習しかないんです。,練習とは追究。　そして、本番を楽しむための準備よ。,
労働についての格言、名言,物を買うというのは、稼いだ金で買っているのではなく、労働をした時間で買っているのよ。,激しい労働は身体に休息を与えないのみならず、心に平和をも与えないものよ。,勤労の裏づけのない富は人間を誤るものよ。,労働は生きるための手段であって、生きることではないわ。,仕事を辞めても構わないが、働くことをやめてはいけないわ。,本当に貧しい人は、贅沢な暮らしを保つ為にだけに、働く人であり、そして常に何でも欲しがるものよ。
話題は,こんな話題はどう？#NEWS#by #SOURCE#,話題ねぇ、こんなのはどう？#NEWS#by #SOURCE# ,,,,
鬱についての格言、名言,私は仕事が好きでした。　ただ、仕事で無理するうちに自分のことを嫌いになってしまったんです。　それがうつの原因じゃないかと思います。,何もしたくない、どこにも行きたくないという状態にまでなったことがある。　ずっと泣いていたんです。,死にたいなんてとんでもない考え方だと、否定されると「わかってもらえない」という気持ちが強くなって辛くなります。　「死にたいくらいつらいんだね」と共感し「死にたいと思うのは、うつ病だから大丈夫」と言ってもらえると安心します。,うつ病は心が弱い人がなるという誤解をされている人もいますが、脳の病気なので、明るく元気な人でもかかります。,,
